PM2.5,,,,,AQI,Y_Pred,Y Class,Y_Pred Class
61.8651,,,,,117,127.6940869,Poor,Very Poor
61.8651,,,,,123,127.6940869,Very Poor,Very Poor
61.8651,,,,,77,127.6940869,Moderate,Very Poor
61.8651,,,,,100,127.6940869,Poor,Very Poor
61.8651,,,,,77,127.6940869,Moderate,Very Poor
61.8651,,,,,83,127.6940869,Moderate,Very Poor
61.8651,,,,,92.76,127.6940869,Poor,Very Poor
61.8651,,,,,75.58,127.6940869,Moderate,Very Poor
61.8651,,,,,85.3,127.6940869,Moderate,Very Poor
61.8651,,,,,108,127.6940869,Poor,Very Poor
61.8651,,,,,99.74,127.6940869,Poor,Very Poor
61.8651,,,,,68.738,127.6940869,Moderate,Very Poor
61.8651,,,,,99.74,127.6940869,Poor,Very Poor
61.8651,,,,,69,127.6940869,Moderate,Very Poor
61.8651,,,,,69,127.6940869,Moderate,Very Poor
61.8651,,,,,69,127.6940869,Moderate,Very Poor
61.8651,,,,,69,127.6940869,Moderate,Very Poor
61.8651,,,,,69,127.6940869,Moderate,Very Poor
61.8651,,,,,85.52,127.6940869,Moderate,Very Poor
61.8651,,,,,69,127.6940869,Moderate,Very Poor
61.8651,,,,,88,127.6940869,Moderate,Very Poor
61.8651,,,,,91.26,127.6940869,Poor,Very Poor
61.8651,,,,,75.1,127.6940869,Moderate,Very Poor
61.8651,,,,,69,127.6940869,Moderate,Very Poor
61.8651,,,,,69,127.6940869,Moderate,Very Poor
61.8651,,,,,69,127.6940869,Moderate,Very Poor
61.8651,,,,,69,127.6940869,Moderate,Very Poor
61.8651,,,,,69,127.6940869,Moderate,Very Poor
61.8651,,,,,89.3,127.6940869,Moderate,Very Poor
61.8651,,,,,69,127.6940869,Moderate,Very Poor
61.8651,,,,,93.18,127.6940869,Poor,Very Poor
61.8651,,,,,69,127.6940869,Moderate,Very Poor
61.8651,,,,,69,127.6940869,Moderate,Very Poor
61.8651,,,,,69,127.6940869,Moderate,Very Poor
61.8651,,,,,69,127.6940869,Moderate,Very Poor
61.8651,,,,,69,127.6940869,Moderate,Very Poor
61.8651,,,,,69,127.6940869,Moderate,Very Poor
61.8651,,,,,69,127.6940869,Moderate,Very Poor
61.8651,,,,,69,127.6940869,Moderate,Very Poor
61.8651,,,,,69,127.6940869,Moderate,Very Poor
61.8651,,,,,69,127.6940869,Moderate,Very Poor
61.8651,,,,,69,127.6940869,Moderate,Very Poor
61.8651,,,,,69,127.6940869,Moderate,Very Poor
61.8651,,,,,69,127.6940869,Moderate,Very Poor
61.8651,,,,,69,127.6940869,Moderate,Very Poor
61.8651,,,,,69,127.6940869,Moderate,Very Poor
61.8651,,,,,69,127.6940869,Moderate,Very Poor
61.8651,,,,,69,127.6940869,Moderate,Very Poor
61.8651,,,,,69,127.6940869,Moderate,Very Poor
61.8651,,,,,69,127.6940869,Moderate,Very Poor
61.8651,,,,,69,127.6940869,Moderate,Very Poor
61.8651,,,,,69,127.6940869,Moderate,Very Poor
61.8651,,,,,69,127.6940869,Moderate,Very Poor
61.8651,,,,,69,127.6940869,Moderate,Very Poor
61.8651,,,,,69,127.6940869,Moderate,Very Poor
61.8651,,,,,69,127.6940869,Moderate,Very Poor
61.8651,,,,,69,127.6940869,Moderate,Very Poor
61.8651,,,,,69,127.6940869,Moderate,Very Poor
61.8651,,,,,69,127.6940869,Moderate,Very Poor
61.8651,,,,,69,127.6940869,Moderate,Very Poor
61.8651,,,,,69,127.6940869,Moderate,Very Poor
61.8651,,,,,69,127.6940869,Moderate,Very Poor
61.8651,,,,,69,127.6940869,Moderate,Very Poor
61.8651,,,,,69,127.6940869,Moderate,Very Poor
61.8651,,,,,69,127.6940869,Moderate,Very Poor
61.8651,,,,,69,127.6940869,Moderate,Very Poor
61.8651,,,,,69,127.6940869,Moderate,Very Poor
61.8651,,,,,69,127.6940869,Moderate,Very Poor
61.8651,,,,,69,127.6940869,Moderate,Very Poor
61.8651,,,,,69,127.6940869,Moderate,Very Poor
61.8651,,,,,69,127.6940869,Moderate,Very Poor
61.8651,,,,,69,127.6940869,Moderate,Very Poor
61.8651,,,,,69,127.6940869,Moderate,Very Poor
61.8651,,,,,71.56,127.6940869,Moderate,Very Poor
61.8651,,,,,69,127.6940869,Moderate,Very Poor
61.8651,,,,,98.6,127.6940869,Poor,Very Poor
61.8651,,,,,104.96,127.6940869,Poor,Very Poor
61.8651,,,,,69,127.6940869,Moderate,Very Poor
61.8651,,,,,69,127.6940869,Moderate,Very Poor
61.8651,,,,,86.81,127.6940869,Moderate,Very Poor
61.8651,,,,,69,127.6940869,Moderate,Very Poor
173.51,,,,,166,275.2025306,Very Poor,Severe
149.04,,,,,333,242.8720649,Severe,Very Poor
205.65,,,,,202.21,317.6668203,Very Poor,Severe
140.21,,,,,318,231.2056156,Severe,Very Poor
266.29,,,,,408,397.7861274,Severe,Severe
88.65,,,,,448,163.083065,Severe,Very Poor
81.34,,,,,413,153.4248833,Severe,Very Poor
144.46,,,,,391,236.8208375,Severe,Very Poor
51.69,,,,,312,114.250453,Severe,Poor
103.75,,,,,289,183.033618,Severe,Very Poor
106.27,,,,,206,186.3631143,Very Poor,Very Poor
42.82,,,,,248,102.5311546,Very Poor,Poor
85.86,,,,,302,155.8691564,Severe,Very Poor
83.19,,,,,193,109.8375492,Very Poor,Poor
48.35,,,,,151,143.2778471,Very Poor,Very Poor
73.66,,,,,137,134.1085201,Very Poor,Very Poor
66.72,,,,,208,152.6982076,Very Poor,Very Poor
80.79,,,,,172,145.8278184,Very Poor,Very Poor
75.59,,,,,149,146.131701,Very Poor,Very Poor
75.82,,,,,157,151.9583195,Very Poor,Very Poor
80.23,,,,,242,161.5372274,Very Poor,Very Poor
87.48,,,,,205,141.9434061,Very Poor,Very Poor
72.65,,,,,245,165.8180083,Very Poor,Very Poor
90.72,,,,,244,142.7757802,Very Poor,Very Poor
73.28,,,,,152,142.8418416,Very Poor,Very Poor
73.33,,,,,152,139.9879877,Very Poor,Very Poor
71.17,,,,,148,149.7782922,Very Poor,Very Poor
78.58,,,,,149,144.4537406,Very Poor,Very Poor
74.55,,,,,158,143.4628191,Very Poor,Very Poor
73.8,,,,,145,137.4908655,Very Poor,Very Poor
69.28,,,,,142,139.036703,Very Poor,Very Poor
70.45,,,,,180,125.4280476,Very Poor,Very Poor
60.15,,,,,130,122.0192776,Very Poor,Very Poor
57.57,,,,,102,135.535447,Poor,Very Poor
67.8,,,,,113,139.5651945,Poor,Very Poor
70.85,,,,,136,129.404946,Very Poor,Very Poor
63.16,,,,,130,119.2446974,Very Poor,Poor
55.47,,,,,115,114.157967,Poor,Poor
51.62,,,,,108,158.6040998,Poor,Very Poor
85.26,,,,,139,104.4337239,Very Poor,Poor
44.26,,,,,140,84.23213744,Very Poor,Moderate
28.97,,,,,100,92.41054296,Poor,Poor
35.16,,,,,107,104.2223273,Poor,Poor
44.1,,,,,124,121.6757582,Very Poor,Very Poor
57.31,,,,,130,117.6724353,Very Poor,Poor
54.28,,,,,201,126.0754497,Very Poor,Very Poor
60.64,,,,,126,116.8929104,Very Poor,Poor
53.69,,,,,153,110.9605936,Very Poor,Poor
49.2,,,,,176,155.1292683,Very Poor,Very Poor
82.63,,,,,146,179.0963566,Very Poor,Very Poor
100.77,,,,,208,204.8206789,Very Poor,Very Poor
120.24,,,,,285,139.2877365,Severe,Very Poor
70.64,,,,,178,167.0996002,Very Poor,Very Poor
91.69,,,,,209,151.6280123,Very Poor,Very Poor
79.98,,,,,201,161.8278977,Very Poor,Very Poor
87.7,,,,,196,156.2391004,Very Poor,Very Poor
83.47,,,,,156,175.383704,Very Poor,Very Poor
97.96,,,,,135,175.0930337,Very Poor,Very Poor
97.74,,,,,197,158.9872561,Very Poor,Very Poor
85.55,,,,,200,166.0161926,Very Poor,Very Poor
90.87,,,,,166,149.3422867,Very Poor,Very Poor
78.25,,,,,148,211.7835541,Very Poor,Very Poor
125.51,,,,,177,196.2855417,Very Poor,Very Poor
113.78,,,,,235,204.0807909,Very Poor,Very Poor
119.68,,,,,277,185.4646788,Severe,Very Poor
105.59,,,,,221,178.7396248,Very Poor,Very Poor
100.5,,,,,204,182.0030596,Very Poor,Very Poor
102.97,,,,,206,214.35995,Very Poor,Very Poor
127.46,,,,,211,217.0420442,Very Poor,Very Poor
129.49,,,,,216,178.2507702,Very Poor,Very Poor
100.13,,,,,220,189.8115211,Very Poor,Very Poor
108.88,,,,,203,193.2467157,Very Poor,Very Poor
111.48,,,,,207,143.4760314,Very Poor,Very Poor
73.81,,,,,200,125.4280476,Very Poor,Very Poor
60.15,,,,,125,127.3306169,Very Poor,Very Poor
61.59,,,,,150,131.756733,Very Poor,Very Poor
64.94,,,,,119,126.8946115,Poor,Very Poor
61.26,,,,,121,123.234808,Very Poor,Very Poor
58.49,,,,,144,123.6972381,Very Poor,Very Poor
58.84,,,,,117,126.2207848,Poor,Very Poor
60.75,,,,,121,122.7459534,Very Poor,Very Poor
58.12,,,,,118,123.0234114,Poor,Very Poor
58.33,,,,,117,125.0581036,Poor,Very Poor
59.87,,,,,165,111.898666,Very Poor,Poor
49.91,,,,,118,116.6815138,Poor,Poor
53.53,,,,,120,105.9795615,FALSE,Poor
45.43,,,,,114,118.4387479,Poor,Poor
54.86,,,,,155,120.2752558,Very Poor,FALSE
56.25,,,,,158,122.4156463,Very Poor,Very Poor
57.87,,,,,118,141.890557,Poor,Very Poor
72.61,,,,,152,136.1696368,Very Poor,Very Poor
68.28,,,,,181,122.679892,Very Poor,Very Poor
58.07,,,,,167,135.7072068,Very Poor,Very Poor
67.93,,,,,158,137.1605583,Very Poor,Very Poor
69.03,,,,,147,147.1226225,Very Poor,Very Poor
76.57,,,,,149,147.9549966,Very Poor,Very Poor
77.2,,,,,157,146.6073434,Very Poor,Very Poor
76.18,,,,,157,147.9021475,Very Poor,Very Poor
77.16,,,,,172,156.5694076,Very Poor,Very Poor
83.72,,,,,201,136.3413965,Very Poor,Very Poor
68.41,,,,,169,143.5420928,Very Poor,Very Poor
73.86,,,,,186,139.2084628,Very Poor,Very Poor
70.58,,,,,290,139.2480996,Severe,Very Poor
70.61,,,,,193,140.0144122,Very Poor,Very Poor
71.19,,,,,164,137.8608095,Very Poor,Very Poor
69.56,,,,,187,136.7509774,Very Poor,Very Poor
68.72,,,,,160,135.7336313,Very Poor,Very Poor
67.95,,,,,207,124.6881596,Very Poor,Very Poor
59.59,,,,,169,128.5857842,Very Poor,Very Poor
62.54,,,,,208,127.4759521,Very Poor,Very Poor
61.7,,,,,230,132.5494702,Very Poor,Very Poor
65.54,,,,,146,116.4436926,Very Poor,Poor
53.35,,,,,188,124.1728804,Very Poor,Very Poor
59.2,,,,,191,121.2926019,Very Poor,Very Poor
57.02,,,,,189,116.9721841,Very Poor,Poor
53.75,,,,,154,109.8507615,Very Poor,Poor
48.36,,,,,190,99.73014984,Very Poor,Poor
40.7,,,,,104,94.4716597,Poor,Poor
36.72,,,,,132,102.6897021,Very Poor,Poor
42.94,,,,,100,108.3577731,Poor,Poor
47.23,,,,,126,153.9930117,Very Poor,Very Poor
81.77,,,,,141,156.4637093,Very Poor,Very Poor
83.64,,,,,210,116.8929104,Very Poor,Poor
53.69,,,,,102,109.2165718,Poor,Poor
47.88,,,,,92,122.0457022,Poor,Very Poor
57.59,,,,,123,114.065481,Very Poor,Poor
51.55,,,,,143,112.7838892,Very Poor,Poor
50.58,,,,,144,111.8722414,Very Poor,Poor
49.89,,,,,141,120.8301718,Very Poor,FALSE
56.67,,,,,106,158.7758595,Poor,Very Poor
85.39,,,,,195,138.666759,Very Poor,Very Poor
70.17,,,,,194,111.2909008,Very Poor,Poor
49.45,,,,,98,131.6906716,Poor,Very Poor
64.89,,,,,120,124.8202824,FALSE,Very Poor
59.69,,,,,112,111.0530796,Poor,Poor
49.27,,,,,189,120.1034961,Very Poor,FALSE
56.12,,,,,100,129.3388845,Poor,Very Poor
63.11,,,,,145,118.7822674,Very Poor,Poor
55.12,,,,,123,117.844195,Very Poor,Poor
54.41,,,,,96,127.4098907,Poor,Very Poor
61.65,,,,,96,116.6286646,Poor,Poor
53.49,,,,,106,123.142322,Poor,Very Poor
58.42,,,,,102,121.9532162,Poor,Very Poor
57.52,,,,,121,113.7219615,Very Poor,Poor
51.29,,,,,96,123.6311766,Poor,Very Poor
58.79,,,,,111,129.7088286,Poor,Very Poor
63.39,,,,,129,134.4520395,Very Poor,Very Poor
66.98,,,,,106,137.8343849,Poor,Very Poor
69.54,,,,,123,131.7038839,Very Poor,Very Poor
64.9,,,,,176,102.9275232,Very Poor,Poor
43.12,,,,,91,98.71280376,Poor,Poor
39.93,,,,,165,89.90020848,Very Poor,Moderate
33.26,,,,,108,99.16202151,Poor,Poor
40.27,,,,,119,108.0010414,Poor,Poor
46.96,,,,,98,98.68637919,Poor,Poor
39.91,,,,,100,98.34285973,Poor,Poor
39.65,,,,,127,105.6228297,Very Poor,Poor
45.16,,,,,100,103.5352884,Poor,Poor
43.58,,,,,146,95.66076551,Very Poor,Poor
37.62,,,,,112,100.1265184,Poor,Poor
41,,,,,97,88.72431495,Poor,Moderate
32.37,,,,,88,78.02236266,Moderate,Moderate
24.27,,,,,163,81.02155176,Very Poor,Moderate
26.54,,,,,99,81.5764678,Poor,Moderate
26.96,,,,,106,80.08347939,Poor,Moderate
25.83,,,,,83,80.92906575,Moderate,Moderate
26.47,,,,,82,82.91090877,Moderate,Moderate
27.97,,,,,107,82.76557361,Poor,Moderate
27.86,,,,,86,81.48398179,Moderate,Moderate
26.89,,,,,88,83.981104,Moderate,Moderate
28.78,,,,,148,87.56163371,Very Poor,Moderate
31.49,,,,,79,88.35437092,Moderate,Moderate
32.09,,,,,82,84.5756569,Moderate,Moderate
29.23,,,,,79,86.83495794,Moderate,Moderate
30.94,,,,,128,85.09093609,Very Poor,Moderate
29.62,,,,,77,85.23627124,Moderate,Moderate
29.73,,,,,74,86.04222073,Moderate,Moderate
30.34,,,,,70,87.74660573,Moderate,Moderate
31.63,,,,,116,92.75406242,Poor,Poor
35.42,,,,,77,82.05211013,Moderate,Moderate
27.32,,,,,197,82.54096474,Very Poor,Moderate
27.69,,,,,214,98.50140717,Very Poor,Poor
39.77,,,,,121,87.7730303,Very Poor,Moderate
31.65,,,,,84,98.76565291,Moderate,Poor
39.97,,,,,131,101.3684734,Very Poor,Poor
41.94,,,,,153,132.8797774,Very Poor,Very Poor
65.79,,,,,171,160.1103004,Very Poor,Very Poor
86.4,,,,,165,127.4627398,Very Poor,Very Poor
61.69,,,,,176,104.4337239,Very Poor,Poor
44.26,,,,,224,102.3858195,Very Poor,Poor
42.71,,,,,154,108.0142537,Very Poor,Poor
46.97,,,,,188,101.672356,Very Poor,Poor
42.17,,,,,135,108.0538905,Very Poor,Poor
47,,,,,84,111.2909008,Moderate,Poor
49.45,,,,,107,107.6575219,Poor,Poor
46.7,,,,,89,90.70615797,Moderate,FALSE
33.87,,,,,136,89.55668902,Very Poor,Moderate
33,,,,,94,93.91674366,Poor,Poor
36.3,,,,,82,94.19420168,Moderate,Poor
36.51,,,,,86,95.77967609,Moderate,Poor
37.71,,,,,107,93.16364331,Poor,Poor
35.73,,,,,165,93.8771068,Very Poor,Poor
36.27,,,,,150,207.357438,Very Poor,Very Poor
122.16,,,,,203,165.8312206,Very Poor,Very Poor
90.73,,,,,263,130.4619289,Severe,Very Poor
63.96,,,,,196,110.4188899,Very Poor,Poor
48.79,,,,,156,92.14629723,Very Poor,Poor
34.96,,,,,147,95.56827951,Very Poor,Poor
37.55,,,,,109,87.62769515,Poor,Moderate
31.54,,,,,121,95.81931295,Very Poor,Poor
37.74,,,,,83,100.4832502,Moderate,Poor
41.27,,,,,241,108.952326,Very Poor,Poor
47.68,,,,,133,153.319185,Very Poor,Very Poor
81.26,,,,,238,105.1339751,Very Poor,Poor
44.79,,,,,175,113.3123807,Very Poor,Poor
50.98,,,,,136,107.7764325,Very Poor,Poor
46.79,,,,,130,117.3024913,Very Poor,Poor
54,,,,,128,115.5188325,Very Poor,Poor
52.65,,,,,136,119.6146415,Very Poor,Poor
55.75,,,,,125,115.0431902,Very Poor,Poor
52.29,,,,,113,100.6417976,Poor,Poor
41.39,,,,,195,104.1959028,Very Poor,Poor
44.08,,,,,174,100.7078591,Very Poor,Poor
41.44,,,,,142,101.394898,Very Poor,Poor
41.96,,,,,122,101.1835014,Very Poor,Poor
41.8,,,,,135,103.006797,Very Poor,Poor
43.18,,,,,128,105.0679137,Very Poor,Poor
44.74,,,,,204,116.3908435,Very Poor,Poor
53.31,,,,,132,97.12732935,Very Poor,Poor
38.73,,,,,154,76.95216743,Very Poor,Moderate
23.46,,,,,119,146.9244382,Poor,Very Poor
76.42,,,,,117,116.4569049,Poor,Poor
53.36,,,,,183,104.7508188,Very Poor,Poor
44.5,,,,,100,113.4841404,Poor,Poor
51.11,,,,,106,119.6278537,Poor,Poor
55.76,,,,,132,111.4230236,Very Poor,Poor
49.55,,,,,122,87.56163371,Very Poor,Moderate
31.49,,,,,105,86.76889651,Poor,Moderate
30.89,,,,,133,94.19420168,Very Poor,Poor
36.51,,,,,98,86.50465077,Poor,Moderate
30.69,,,,,98,83.82255655,Poor,Moderate
28.66,,,,,89,90.04554363,Moderate,FALSE
33.37,,,,,87,84.41710946,Moderate,Moderate
29.11,,,,,126,81.73501524,Very Poor,Moderate
27.08,,,,,90,79.81923366,Moderate,Moderate
25.63,,,,,93,92.66157641,Poor,Poor
35.35,,,,,96,94.60378257,Poor,Poor
36.82,,,,,107,94.78875459,Poor,Poor
36.96,,,,,103,104.6319082,Poor,Poor
44.41,,,,,112,84.99845008,Poor,Moderate
29.55,,,,,113,88.19582348,Poor,Moderate
31.97,,,,,99,84.03395314,Poor,Moderate
28.82,,,,,103,89.08104669,Poor,Moderate
32.64,,,,,161,114.8714305,Very Poor,Poor
52.16,,,,,85,127.700561,Moderate,Very Poor
61.87,,,,,80,109.4808175,Moderate,Poor
48.08,,,,,107,100.0736693,Poor,Poor
40.81,,,,,121,106.9572707,Very Poor,Poor
40.96,,,,,100,150.1085994,Poor,Very Poor
46.17,,,,,108,228.3781863,Poor,Very Poor
78.83,,,,,97,118.4255356,Poor,Poor
138.07,,,,,130,102.0423,Very Poor,Poor
54.85,,,,,113,106.9440584,Poor,Poor
42.45,,,,,106,110.2207055,Poor,Poor
46.16,,,,,102,105.1207629,Poor,Poor
48.64,,,,,129,97.62939624,Very Poor,Poor
44.78,,,,,130,102.3329703,Very Poor,Poor
39.11,,,,,114,131.849219,Poor,Very Poor
42.67,,,,,117,120.0770715,Poor,FALSE
65.01,,,,,103,112.4403697,Poor,Poor
56.1,,,,,150,129.1935494,Very Poor,Very Poor
50.32,,,,,104,124.5296121,Poor,Very Poor
63,,,,,106,140.833574,Poor,Very Poor
59.47,,,,,108,153.9533748,Poor,Very Poor
71.81,,,,,111,128.7046948,Poor,Very Poor
81.74,,,,,165,131.9681296,Very Poor,Very Poor
62.63,,,,,211,121.5700599,Very Poor,Very Poor
65.1,,,,,241,115.0167657,Very Poor,Poor
57.23,,,,,114,133.1175985,Poor,Very Poor
52.27,,,,,100,100.522887,Poor,Poor
65.97,,,,,125,94.59057028,Very Poor,Poor
41.3,,,,,123,105.2396734,Very Poor,Poor
36.81,,,,,106,130.0787726,Poor,Very Poor
44.87,,,,,63,135.1258661,Moderate,Very Poor
63.67,,,,,132,115.9019889,Very Poor,Poor
67.49,,,,,136,138.2836027,Very Poor,Very Poor
52.94,,,,,184,134.3331289,Very Poor,Very Poor
69.88,,,,,120,128.2290524,FALSE,Very Poor
66.89,,,,,162,114.0786933,Very Poor,Poor
62.27,,,,,119,122.9441377,Poor,Very Poor
51.56,,,,,113,129.3653091,Poor,Very Poor
58.27,,,,,119,151.9583195,Poor,Very Poor
63.13,,,,,129,98.46177031,Very Poor,Poor
80.23,,,,,220,110.9738059,Very Poor,Poor
39.74,,,,,139,119.5882169,Very Poor,Poor
49.21,,,,,130,122.95735,Very Poor,Very Poor
55.73,,,,,121,120.5659261,Very Poor,FALSE
58.28,,,,,114,125.2827125,Poor,Very Poor
56.47,,,,,115,119.2182728,Poor,Poor
60.04,,,,,200,132.1795262,Very Poor,Very Poor
55.45,,,,,167,116.0737486,Very Poor,Poor
65.26,,,,,172,113.7615984,Very Poor,Poor
53.07,,,,,117,107.8424939,Poor,Poor
51.32,,,,,198,107.1158182,Very Poor,Poor
46.84,,,,,153,102.0951492,Very Poor,Poor
46.29,,,,,142,108.1992257,Very Poor,Poor
42.49,,,,,144,112.1893363,Very Poor,Poor
47.11,,,,,145,116.7475752,Very Poor,Poor
50.13,,,,,149,147.5718403,Very Poor,Very Poor
53.58,,,,,186,188.1864099,Very Poor,Very Poor
76.91,,,,,216,138.3100273,Very Poor,Very Poor
107.65,,,,,220,194.8850393,Very Poor,Very Poor
69.9,,,,,209,154.0194362,Very Poor,Very Poor
112.72,,,,,251,213.7918217,Severe,Very Poor
81.79,,,,,191,139.1952505,Very Poor,Very Poor
127.03,,,,,203,151.059884,Very Poor,Very Poor
70.57,,,,,183,146.8451645,Very Poor,Very Poor
79.55,,,,,162,168.6058008,Very Poor,Very Poor
76.36,,,,,154,176.4274746,Very Poor,Very Poor
92.83,,,,,181,154.3365311,Very Poor,Very Poor
98.75,,,,,223,159.1061667,Very Poor,Very Poor
82.03,,,,,193,147.3208068,Very Poor,Very Poor
85.64,,,,,157,122.0324899,Very Poor,Very Poor
76.72,,,,,173,132.3380736,Very Poor,Very Poor
57.58,,,,,133,152.1565038,Very Poor,Very Poor
65.38,,,,,109,136.3942457,Poor,Very Poor
80.38,,,,,160,142.6965065,Very Poor,Very Poor
68.45,,,,,145,150.3464205,Very Poor,Very Poor
73.22,,,,,134,156.1994636,Very Poor,Very Poor
79.01,,,,,170,128.0837173,Very Poor,Very Poor
83.44,,,,,179,100.8399819,Very Poor,Poor
62.16,,,,,156,134.8087713,Very Poor,Very Poor
41.54,,,,,130,104.6319082,Very Poor,Poor
67.25,,,,,106,108.3841977,Poor,Poor
44.41,,,,,96,93.19006788,Poor,Poor
47.25,,,,,99,114.3825759,Poor,Poor
35.75,,,,,80,89.50383987,Moderate,Moderate
51.79,,,,,88,114.9903411,Moderate,Poor
32.96,,,,,108,164.8931483,Poor,Very Poor
52.25,,,,,114,137.8475972,Poor,Very Poor
90.02,,,,,153,109.0844489,Very Poor,Poor
69.55,,,,,196,134.8087713,Very Poor,Very Poor
47.78,,,,,132,128.6914825,Very Poor,Very Poor
67.25,,,,,117,129.0217896,Poor,Very Poor
62.62,,,,,143,120.2620435,Very Poor,FALSE
62.87,,,,,142,126.4453937,Very Poor,Very Poor
56.24,,,,,135,153.0153024,Very Poor,Very Poor
60.92,,,,,120,152.2357775,FALSE,Very Poor
81.03,,,,,158,133.2629337,Very Poor,Very Poor
80.44,,,,,186,131.941705,Very Poor,Very Poor
66.08,,,,,155,122.2306742,Very Poor,Very Poor
65.08,,,,,136,144.5858635,Very Poor,Very Poor
57.73,,,,,131,147.2679577,Very Poor,Very Poor
74.65,,,,,135,154.2044083,Very Poor,Very Poor
76.68,,,,,193,159.9913899,Very Poor,Very Poor
81.93,,,,,188,160.9955237,Very Poor,Very Poor
86.31,,,,,187,178.88496,Very Poor,Very Poor
87.07,,,,,214,176.0575306,Very Poor,Very Poor
100.61,,,,,216,208.9429124,Very Poor,Very Poor
98.47,,,,,221,137.6229883,Very Poor,Very Poor
123.36,,,,,251,136.1299999,Severe,Very Poor
69.38,,,,,179,130.5808395,Very Poor,Very Poor
68.25,,,,,143,124.5163998,Very Poor,Very Poor
64.05,,,,,132,130.6469009,Very Poor,Very Poor
59.46,,,,,123,129.2331862,Very Poor,Very Poor
64.1,,,,,125,106.8515724,Very Poor,Poor
63.03,,,,,134,113.9069336,Very Poor,Poor
46.09,,,,,121,116.4040558,Very Poor,Poor
51.43,,,,,114,119.2975466,Poor,Poor
53.32,,,,,114,131.7303084,Poor,Very Poor
55.51,,,,,113,132.9458388,Poor,Very Poor
64.92,,,,,128,130.052348,Very Poor,Very Poor
65.84,,,,,216,134.9144695,Very Poor,Very Poor
63.65,,,,,132,135.8525419,Very Poor,Very Poor
67.33,,,,,137,138.6139098,Very Poor,Very Poor
68.04,,,,,140,131.0036327,Very Poor,Very Poor
70.13,,,,,151,120.6584121,Very Poor,FALSE
64.37,,,,,144,118.3991111,Very Poor,Poor
56.54,,,,,128,126.6832149,Very Poor,Very Poor
54.83,,,,,117,127.0003098,Poor,Very Poor
61.1,,,,,132,120.2488312,Very Poor,FALSE
61.34,,,,,141,124.106819,Very Poor,Very Poor
56.23,,,,,125,119.4825186,Very Poor,Poor
59.15,,,,,130,117.5006756,Very Poor,Poor
55.65,,,,,129,120.4338032,Very Poor,FALSE
54.15,,,,,122,118.2405636,Very Poor,Poor
56.37,,,,,122,119.2843343,Very Poor,Poor
54.71,,,,,123,120.7641104,Very Poor,FALSE
55.5,,,,,113,126.1943603,Poor,Very Poor
56.62,,,,,127,114.065481,Very Poor,Poor
60.73,,,,,134,114.6071848,Very Poor,Poor
51.55,,,,,123,125.5073214,Very Poor,Very Poor
51.96,,,,,129,132.1795262,Very Poor,Very Poor
60.21,,,,,133,127.5816504,Very Poor,Very Poor
65.26,,,,,134,122.1910374,Very Poor,Very Poor
61.78,,,,,130,121.252965,Very Poor,Very Poor
57.7,,,,,122,114.3033022,Very Poor,Poor
56.99,,,,,120,110.2999793,FALSE,Poor
51.73,,,,,120,132.1134648,FALSE,Very Poor
48.7,,,,,124,164.3382322,Very Poor,Very Poor
65.21,,,,,169,123.3537186,Very Poor,Very Poor
89.6,,,,,212,117.5138879,Very Poor,Poor
58.58,,,,,147,119.6674906,Very Poor,Poor
54.16,,,,,123,121.530423,Very Poor,Very Poor
55.79,,,,,127,131.7699453,Very Poor,Very Poor
57.2,,,,,125,119.9713732,Very Poor,Poor
64.95,,,,,129,116.3776312,Very Poor,Poor
56.02,,,,,139,114.7128831,Very Poor,Poor
53.3,,,,,123,127.0399466,Very Poor,Very Poor
52.04,,,,,122,124.2257295,Very Poor,Very Poor
61.37,,,,,135,123.1555343,Very Poor,Very Poor
59.24,,,,,136,136.3546088,Very Poor,Very Poor
58.43,,,,,144,128.4932982,Very Poor,Very Poor
68.42,,,,,161,119.641066,Very Poor,Poor
62.47,,,,,166,123.6443889,Very Poor,Very Poor
55.77,,,,,183,153.0549393,Very Poor,Very Poor
58.8,,,,,136,132.0606156,Very Poor,Very Poor
81.06,,,,,171,110.1546441,Very Poor,Poor
65.17,,,,,164,105.4774946,Very Poor,Poor
48.59,,,,,113,114.1315424,Poor,Poor
45.05,,,,,91,114.2240284,Poor,Poor
51.6,,,,,94,113.4841404,Poor,Poor
51.67,,,,,95,112.3346714,Poor,Poor
51.11,,,,,93,106.5873267,Poor,Poor
50.24,,,,,91,110.1810687,Poor,Poor
45.89,,,,,102,114.2240284,Poor,Poor
48.61,,,,,112,112.8631629,Poor,Poor
51.67,,,,,117,105.2528857,Poor,Poor
50.64,,,,,115,103.3106796,Poor,Poor
44.88,,,,,124,121.6889705,Very Poor,Very Poor
43.41,,,,,97,103.4560147,Poor,Poor
57.32,,,,,120,100.5096748,FALSE,Poor
43.52,,,,,122,102.9803724,Very Poor,Poor
41.29,,,,,122,89.08104669,Very Poor,Moderate
43.16,,,,,68.91,105.0547014,Moderate,Poor
32.64,,,,,92,100.5096748,Poor,Poor
44.73,,,,,94,106.415567,Poor,Poor
41.29,,,,,102,103.2710427,Poor,Poor
45.76,,,,,100,97.39157508,Poor,Poor
43.38,,,,,100,101.8441157,Poor,Poor
38.93,,,,,89,89.29244328,Moderate,Moderate
42.3,,,,,89,99.83584814,Moderate,Poor
32.8,,,,,83,113.2595315,Moderate,Poor
40.78,,,,,70,127.700561,Moderate,Very Poor
50.94,,,,,71,142.445473,Moderate,Very Poor
61.87,,,,,117,106.9572707,Poor,Poor
73.03,,,,,134,125.7055057,Very Poor,Very Poor
46.17,,,,,78,102.5047301,Moderate,Poor
60.36,,,,,86,190.6306829,Moderate,Very Poor
42.8,,,,,100,106.2041704,Poor,Poor
109.5,,,,,88,109.2562086,Moderate,Poor
45.6,,,,,161,86.16113132,Very Poor,Moderate
47.91,,,,,81,173.6528944,Moderate,Very Poor
30.43,,,,,81,305.9871588,Moderate,Severe
96.65,,,,,86,84.39068489,Moderate,Moderate
196.81,,,,,271,84.72099206,Severe,Moderate
29.09,,,,,162,121.6096968,Very Poor,Very Poor
29.34,,,,,91,83.34691423,Poor,Moderate
57.26,,,,,104,92.70121327,Poor,Poor
28.3,,,,,103,76.30476537,Poor,Moderate
35.38,,,,,74,76.66149712,Moderate,Moderate
22.97,,,,,129,78.81509986,Very Poor,Moderate
23.24,,,,,58,70.62348206,Satisfactory,Moderate
24.87,,,,,69,81.10082548,Moderate,Moderate
18.67,,,,,66,91.31392316,Moderate,Poor
26.6,,,,,70,92.41054296,Moderate,Poor
34.33,,,,,69,87.82587945,Moderate,Moderate
35.16,,,,,70,88.80358867,Moderate,Moderate
31.69,,,,,71,89.6755996,Moderate,Moderate
32.43,,,,,125,81.65574152,Very Poor,Moderate
33.09,,,,,87,74.20401178,Moderate,Moderate
27.02,,,,,59,85.18342209,Satisfactory,Moderate
21.38,,,,,69,124.3578524,Moderate,Very Poor
29.69,,,,,62,86.53107535,Moderate,Moderate
59.34,,,,,54,77.11071487,Satisfactory,Moderate
30.71,,,,,103,78.23375924,Poor,Moderate
23.58,,,,,73,102.5311546,Moderate,Poor
24.43,,,,,78,83.62437225,Moderate,Moderate
42.82,,,,,87,90.89112998,Moderate,FALSE
28.51,,,,,81,88.7771641,Moderate,Moderate
34.01,,,,,82,89.39814158,Moderate,Moderate
32.41,,,,,84,91.93490064,Moderate,Poor
32.88,,,,,75,99.32056895,Moderate,Poor
34.8,,,,,78,88.81680096,Moderate,Moderate
40.39,,,,,151,86.30646647,Very Poor,Moderate
32.44,,,,,100,88.94892383,Poor,Moderate
30.54,,,,,131,95.77967609,Very Poor,Poor
32.54,,,,,68,99.71693756,Moderate,Poor
37.71,,,,,70,99.92833414,Moderate,Poor
40.69,,,,,89,92.50302897,Moderate,Poor
40.85,,,,,174,90.23051564,Very Poor,FALSE
35.23,,,,,178,84.41710946,Very Poor,Moderate
33.51,,,,,155,86.83495794,Very Poor,Moderate
29.11,,,,,55,84.90596407,Satisfactory,Moderate
30.94,,,,,169,79.54177564,Very Poor,Moderate
29.48,,,,,124,92.31805696,Very Poor,Poor
25.42,,,,,256,91.14216343,Severe,Poor
35.09,,,,,126,119.7864012,Very Poor,Poor
34.2,,,,,125,98.75244062,Very Poor,Poor
55.88,,,,,111,93.95638052,Poor,Poor
39.96,,,,,129,80.83657974,Very Poor,Moderate
36.33,,,,,83,99.28093209,Moderate,Poor
26.4,,,,,199,99.08274779,Very Poor,Poor
40.36,,,,,74,94.93408974,Moderate,Poor
40.21,,,,,139,81.23294834,Very Poor,Moderate
37.07,,,,,167,96.99520648,Very Poor,Poor
26.7,,,,,142,88.42043236,Very Poor,Moderate
38.63,,,,,90,89.58311359,Moderate,Moderate
32.14,,,,,188,96.30816757,Very Poor,Poor
33.02,,,,,126,95.88537439,Very Poor,Poor
38.11,,,,,172,83.74328283,Very Poor,Moderate
37.79,,,,,244,86.6764105,Very Poor,Moderate
28.6,,,,,189,101.6591437,Very Poor,Poor
30.82,,,,,160,94.577358,Very Poor,Poor
42.16,,,,,215,88.19582348,Very Poor,Moderate
36.8,,,,,126,77.13713944,Very Poor,Moderate
31.97,,,,,227,96.82344675,Very Poor,Poor
23.6,,,,,172,93.86389451,Very Poor,Poor
38.5,,,,,266,101.9366017,Severe,Poor
36.26,,,,,257,97.31230136,Severe,Poor
42.37,,,,,141,104.0373553,Very Poor,Poor
38.87,,,,,228,93.86389451,Very Poor,Poor
43.96,,,,,171,100.5625239,Very Poor,Poor
36.26,,,,,73,105.0943383,Moderate,Poor
41.33,,,,,120,89.56990131,FALSE,Moderate
44.76,,,,,77,81.35185893,Moderate,Moderate
33.01,,,,,92,78.3790944,Poor,Moderate
26.79,,,,,228,91.08931429,Very Poor,Poor
24.54,,,,,224,81.08761319,Very Poor,Moderate
34.16,,,,,260,77.34853603,Severe,Moderate
26.59,,,,,240,75.28741929,Very Poor,Moderate
23.76,,,,,372,67.33362265,Severe,Moderate
22.2,,,,,437,62.85465743,Severe,Moderate
16.18,,,,,449,71.03306295,Severe,Moderate
12.79,,,,,434,70.20068888,Severe,Moderate
18.98,,,,,118,78.81509986,Poor,Moderate
18.35,,,,,30,89.9794822,Good,Moderate
24.87,,,,,54,88.14297433,Satisfactory,Moderate
33.32,,,,,94,106.3495055,Poor,Poor
31.93,,,,,66,99.61123926,Moderate,Poor
45.71,,,,,70,96.34780443,Moderate,Poor
40.61,,,,,77,93.46752591,Moderate,Poor
38.14,,,,,70,127.700561,Moderate,Very Poor
35.96,,,,,94,89.62275045,Poor,Moderate
61.87,,,,,136,90.95719142,Very Poor,FALSE
33.05,,,,,66,84.45674632,Moderate,Moderate
34.06,,,,,73,125.4148354,Moderate,Very Poor
29.14,,,,,78,113.3520175,Moderate,Poor
60.14,,,,,85,93.63928564,Moderate,Poor
51.01,,,,,118,96.7705976,Poor,Poor
36.09,,,,,73,105.2925226,Moderate,Poor
38.46,,,,,66,88.44685693,Moderate,Moderate
44.91,,,,,79,105.5567683,Moderate,Poor
32.16,,,,,66,153.5702185,Moderate,Very Poor
45.11,,,,,75,126.4057569,Moderate,Very Poor
81.45,,,,,131,129.1407002,Very Poor,Very Poor
60.89,,,,,180,125.4808968,Very Poor,Very Poor
62.96,,,,,124,134.0688832,Very Poor,Very Poor
60.19,,,,,125,149.6990185,Very Poor,Very Poor
66.69,,,,,197,129.2860354,Very Poor,Very Poor
78.52,,,,,167,152.4207495,Very Poor,Very Poor
63.07,,,,,187,143.3967577,Very Poor,Very Poor
80.58,,,,,130,151.8922581,Very Poor,Very Poor
73.75,,,,,170,160.9558868,Very Poor,Very Poor
80.18,,,,,183,152.9756656,Very Poor,Very Poor
87.04,,,,,208,159.2250772,Very Poor,Very Poor
81,,,,,200,168.3547674,Very Poor,Very Poor
85.73,,,,,187,175.4365531,Very Poor,Very Poor
92.64,,,,,202,220.8603951,Very Poor,Very Poor
98,,,,,215,196.6819103,Very Poor,Very Poor
132.38,,,,,370,135.6147207,Severe,Very Poor
114.08,,,,,298,111.4494482,Severe,Poor
67.86,,,,,168,115.0299779,Very Poor,Poor
49.57,,,,,130,109.1901472,Very Poor,Poor
52.28,,,,,87,92.91260986,Moderate,Poor
47.86,,,,,80,121.5568476,Moderate,Very Poor
35.54,,,,,75,133.5403917,Moderate,Very Poor
57.22,,,,,87,151.7997721,Moderate,Very Poor
66.29,,,,,110,140.8996355,Poor,Very Poor
80.11,,,,,177,152.301839,Very Poor,Very Poor
71.86,,,,,133,155.9616424,Very Poor,Very Poor
80.49,,,,,166,139.9747754,Very Poor,Very Poor
83.26,,,,,160,146.6469802,Very Poor,Very Poor
71.16,,,,,165,155.1821175,Very Poor,Very Poor
76.21,,,,,148,102.1612106,Very Poor,Poor
82.67,,,,,164,84.3774726,Very Poor,Moderate
42.54,,,,,117,91.60459347,Poor,Poor
29.08,,,,,57,119.5089432,Satisfactory,Poor
34.55,,,,,49,133.9103358,Satisfactory,Very Poor
55.67,,,,,81,128.6386333,Moderate,Very Poor
66.57,,,,,113,140.4900546,Poor,Very Poor
62.58,,,,,109,122.864864,Poor,Very Poor
71.55,,,,,135,130.3430183,Very Poor,Very Poor
58.21,,,,,113,156.0012793,Poor,Very Poor
63.87,,,,,110,162.3299646,Poor,Very Poor
83.29,,,,,132,166.8353544,Very Poor,Very Poor
88.08,,,,,200,169.7684821,Very Poor,Very Poor
91.49,,,,,199,155.02357,Very Poor,Very Poor
93.71,,,,,224,180.4175852,Very Poor,Very Poor
82.55,,,,,195,168.0508848,Very Poor,Very Poor
101.77,,,,,216,166.3861367,Very Poor,Very Poor
92.41,,,,,216,171.2086213,Very Poor,Very Poor
91.15,,,,,210,144.6915618,Very Poor,Very Poor
94.8,,,,,200,103.4560147,Very Poor,Poor
74.73,,,,,188,82.85805962,Very Poor,Moderate
43.52,,,,,97,106.7062373,Poor,Poor
27.93,,,,,69,106.0456229,Moderate,Poor
45.98,,,,,81,117.4610387,Moderate,Poor
45.48,,,,,68,110.5774373,Moderate,Poor
54.12,,,,,101,124.8863439,Poor,Very Poor
48.91,,,,,78,152.3811127,Moderate,Very Poor
59.74,,,,,94,157.8509994,Poor,Very Poor
80.55,,,,,134,147.8757229,Very Poor,Very Poor
84.69,,,,,182,113.5634141,Very Poor,Poor
77.14,,,,,175,156.9922008,Very Poor,Very Poor
51.17,,,,,107,104.8300925,Poor,Poor
84.04,,,,,174,99.99439558,Very Poor,Poor
44.56,,,,,118,101.857328,Poor,Poor
40.9,,,,,64,100.7871328,Moderate,Poor
42.31,,,,,74,142.2208641,Moderate,Very Poor
41.5,,,,,68,154.931084,Moderate,Very Poor
72.86,,,,,104,122.7063166,Poor,Very Poor
82.48,,,,,171,112.2421854,Very Poor,Poor
58.09,,,,,135,104.2223273,Very Poor,Poor
50.17,,,,,110,433.6442737,Poor,Severe
44.1,,,,,105,118.8879657,Poor,Poor
293.43,,,,,332,270.2347108,Severe,Severe
55.2,,,,,244,236.2394969,Very Poor,Very Poor
169.75,,,,,246,138.4025133,Very Poor,Very Poor
144.02,,,,,360,119.9053118,Severe,Poor
69.97,,,,,146,128.5725719,Very Poor,Very Poor
55.97,,,,,103,152.6585707,Poor,Very Poor
62.53,,,,,103,119.1918483,Poor,Poor
80.76,,,,,137,112.3743083,Very Poor,Poor
55.43,,,,,142,130.5940518,Very Poor,Very Poor
50.27,,,,,76,94.64341943,Moderate,Poor
64.06,,,,,107,121.3322387,Poor,Very Poor
36.85,,,,,86,142.7625679,Moderate,Very Poor
57.05,,,,,78,120.6187752,Moderate,FALSE
73.27,,,,,117,133.8706989,Poor,Very Poor
56.51,,,,,125,103.561713,Very Poor,Poor
66.54,,,,,111,93.73177164,Poor,Poor
43.6,,,,,104,74.54753123,Poor,Moderate
36.16,,,,,68,94.53772114,Moderate,Poor
21.64,,,,,44,97.12732935,Satisfactory,Poor
36.77,,,,,51,178.977446,Satisfactory,Very Poor
38.73,,,,,58,105.5831929,Satisfactory,Poor
100.68,,,,,70,115.4395588,Moderate,Poor
45.13,,,,,130,112.5196434,Very Poor,Poor
52.59,,,,,89,134.6766484,Moderate,Very Poor
50.38,,,,,81,147.9153597,Moderate,Very Poor
67.15,,,,,105,142.3265624,Poor,Very Poor
77.17,,,,,149,156.7543796,Very Poor,Very Poor
72.94,,,,,148,152.4339618,Very Poor,Very Poor
83.86,,,,,166,167.1788739,Very Poor,Very Poor
80.59,,,,,183,163.545495,Very Poor,Very Poor
91.75,,,,,183,157.0054131,Very Poor,Very Poor
89,,,,,217,120.7376858,Very Poor,FALSE
84.05,,,,,186,118.5444462,Very Poor,Poor
56.6,,,,,126,105.6756789,Very Poor,Poor
54.94,,,,,89,129.867376,Moderate,Very Poor
45.2,,,,,80,129.7484654,Moderate,Very Poor
63.51,,,,,95,147.7303877,Poor,Very Poor
63.42,,,,,125,139.9615631,Very Poor,Very Poor
77.03,,,,,141,140.7146634,Very Poor,Very Poor
71.15,,,,,151,113.1538332,Very Poor,Poor
71.72,,,,,142,113.9465704,Very Poor,Poor
50.86,,,,,116,120.7244735,Poor,FALSE
51.46,,,,,88,102.0026632,Moderate,Poor
56.59,,,,,92,105.7681649,Poor,Poor
42.42,,,,,76,96.04392183,Moderate,Poor
45.27,,,,,80,104.2223273,Moderate,Poor
37.91,,,,,69,124.6088859,Moderate,Very Poor
44.1,,,,,65,133.1043863,Moderate,Very Poor
59.53,,,,,90,154.8782349,Moderate,Very Poor
65.96,,,,,108,142.2208641,Poor,Very Poor
82.44,,,,,157,130.4619289,Very Poor,Very Poor
72.86,,,,,152,99.3734181,Very Poor,Poor
63.96,,,,,123,90.9704037,Very Poor,FALSE
40.43,,,,,93,94.73590544,Poor,Poor
34.07,,,,,52,94.68305629,Satisfactory,Poor
36.92,,,,,59,128.625421,Satisfactory,Very Poor
36.88,,,,,65,87.36344941,Moderate,Moderate
62.57,,,,,78,346.0996615,Moderate,Severe
31.34,,,,,93,129.1274879,Poor,Very Poor
227.17,,,,,148,90.25694022,Very Poor,FALSE
62.95,,,,,348,77.05786572,Severe,Moderate
33.53,,,,,63,84.49638318,Moderate,Moderate
23.54,,,,,52,116.3379943,Satisfactory,Poor
29.17,,,,,43,423.933243,Satisfactory,Severe
53.27,,,,,80,95.40973206,Moderate,Poor
286.08,,,,,350,80.8762166,Severe,Moderate
37.43,,,,,197,163.3208861,Very Poor,Very Poor
26.43,,,,,87,84.9720255,Moderate,Moderate
88.83,,,,,110,79.68711079,Poor,Moderate
29.53,,,,,109,92.52945355,Poor,Poor
25.53,,,,,59,94.52450885,Satisfactory,Poor
35.25,,,,,57,115.4791957,Satisfactory,Poor
36.76,,,,,65,152.2886267,Moderate,Very Poor
52.62,,,,,80,144.33483,Moderate,Very Poor
80.48,,,,,137,125.811204,Very Poor,Very Poor
74.46,,,,,158,97.62939624,Very Poor,Poor
60.44,,,,,131,92.25199552,Very Poor,Poor
39.11,,,,,86,95.39651978,Moderate,Poor
35.04,,,,,61,92.64836413,FALSE,Poor
37.42,,,,,80,91.78956549,Moderate,Poor
35.34,,,,,57,95.59470408,Satisfactory,Poor
34.69,,,,,60,104.5262099,FALSE,Poor
37.57,,,,,65,99.54517783,Moderate,Poor
44.33,,,,,71,110.194281,Moderate,Poor
40.56,,,,,75,94.64341943,Moderate,Poor
48.62,,,,,67,100.337915,Moderate,Poor
36.85,,,,,80,127.4495275,Moderate,Very Poor
41.16,,,,,65,91.24786173,Moderate,Poor
61.68,,,,,80,116.7739998,Moderate,Poor
34.28,,,,,89,134.6766484,Moderate,Very Poor
53.6,,,,,67,94.90766517,Moderate,Poor
67.15,,,,,117,111.3437499,Poor,Poor
37.05,,,,,107,105.5303437,Poor,Poor
49.49,,,,,83,127.515589,Moderate,Very Poor
45.09,,,,,76,119.7996135,Moderate,Poor
61.73,,,,,87,141.9434061,Moderate,Very Poor
55.89,,,,,106,146.1052765,Poor,Very Poor
72.65,,,,,111,166.3729244,Poor,Very Poor
75.8,,,,,192,135.9846648,Very Poor,Very Poor
91.14,,,,,125,163.545495,Very Poor,Very Poor
68.14,,,,,184,153.411671,Very Poor,Very Poor
89,,,,,152,155.2217543,Very Poor,Very Poor
81.33,,,,,184,128.5857842,Very Poor,Very Poor
82.7,,,,,210,113.8408721,Very Poor,Poor
62.54,,,,,125,125.5073214,Very Poor,Very Poor
51.38,,,,,96,124.7410087,Poor,Very Poor
60.21,,,,,93,120.8698087,Poor,FALSE
59.63,,,,,97,127.7666224,Poor,Very Poor
56.7,,,,,104,103.9448693,Poor,Poor
61.92,,,,,99,99.33378124,Poor,Poor
43.89,,,,,101,90.94397913,Poor,FALSE
40.4,,,,,76,95.77967609,Moderate,Poor
34.05,,,,,64,103.6145622,Moderate,Poor
37.71,,,,,58,99.51875325,Satisfactory,Poor
43.64,,,,,62,104.2751765,Moderate,Poor
40.54,,,,,76,97.28587679,Moderate,Poor
44.14,,,,,67,104.1959028,Moderate,Poor
38.85,,,,,74,91.65744262,Moderate,Poor
44.08,,,,,72,109.1769349,Moderate,Poor
34.59,,,,,79,81.62931695,Moderate,Moderate
47.85,,,,,105,107.1158182,Poor,Poor
27,,,,,79,94.33953683,Moderate,Poor
46.29,,,,,67,125.8772654,Moderate,Very Poor
36.62,,,,,70,142.7625679,Moderate,Very Poor
60.49,,,,,94,130.8054484,Poor,Very Poor
73.27,,,,,165,160.229211,Very Poor,Very Poor
64.22,,,,,194,219.3013452,Very Poor,Very Poor
86.49,,,,,139,160.8237639,Very Poor,Very Poor
131.2,,,,,262,130.2769569,Severe,Very Poor
86.94,,,,,276,140.6618143,Severe,Very Poor
63.82,,,,,165,112.176124,Very Poor,Poor
71.68,,,,,159,160.3613339,Very Poor,Very Poor
50.12,,,,,113,178.2639825,Poor,Very Poor
86.59,,,,,137,132.5362579,Very Poor,Very Poor
100.14,,,,,191,140.6221774,Very Poor,Very Poor
65.53,,,,,231,125.7583548,Very Poor,Very Poor
71.65,,,,,167,107.0893936,Very Poor,Poor
60.4,,,,,144,121.5964845,Very Poor,Very Poor
46.27,,,,,123,103.1785567,Very Poor,Poor
57.25,,,,,90,102.9539478,Moderate,Poor
43.31,,,,,90,104.9622154,Moderate,Poor
43.14,,,,,80,120.4602278,Moderate,FALSE
44.66,,,,,91,99.5716024,Poor,Poor
56.39,,,,,91,100.5625239,Poor,Poor
40.58,,,,,102,96.9687819,Poor,Poor
41.33,,,,,120,100.5493116,FALSE,Poor
38.61,,,,,92,95.6739778,Poor,Poor
41.32,,,,,72,100.7078591,Moderate,Poor
37.63,,,,,95,100.6682222,Poor,Poor
41.44,,,,,80,107.155455,Moderate,Poor
41.41,,,,,70,86.75568422,Moderate,Moderate
46.32,,,,,77,93.38825219,Moderate,Poor
30.88,,,,,66,96.59883787,Moderate,Poor
35.9,,,,,73,100.2190045,Moderate,Poor
38.33,,,,,60,109.6790018,FALSE,Poor
41.07,,,,,81,111.3173254,Moderate,Poor
48.23,,,,,69,103.6145622,Moderate,Poor
49.47,,,,,82,96.62526245,Moderate,Poor
43.64,,,,,84,112.6517663,Moderate,Poor
38.35,,,,,74,106.6666004,Moderate,Poor
50.48,,,,,71,114.4090005,Moderate,Poor
45.95,,,,,76,104.0109308,Moderate,Poor
51.81,,,,,91,107.6839465,Poor,Poor
43.94,,,,,77,113.3652298,Moderate,Poor
46.72,,,,,79,100.6682222,Moderate,Poor
51.02,,,,,93,106.1116844,Poor,Poor
41.41,,,,,75,108.4766837,Moderate,Poor
45.53,,,,,73,98.29001058,Moderate,Poor
47.32,,,,,76,109.9432475,Moderate,Poor
39.61,,,,,71,120.5923507,Moderate,FALSE
48.43,,,,,81,128.8500299,Moderate,Very Poor
56.49,,,,,116,95.63434094,Poor,Poor
62.74,,,,,109,107.5386113,Poor,Poor
47.17,,,,,92,101.949814,Poor,Poor
37.6,,,,,74,116.5758155,Moderate,Poor
46.61,,,,,63,124.9788299,Moderate,Very Poor
42.38,,,,,77,115.0299779,Moderate,Poor
53.45,,,,,119,102.0819369,Poor,Poor
59.81,,,,,94,128.3215384,Poor,Very Poor
52.28,,,,,104,83.90183028,Poor,Moderate
42.48,,,,,76,128.717907,Moderate,Very Poor
62.34,,,,,92,109.6657895,Poor,Poor
28.72,,,,,85,129.5767057,Moderate,Very Poor
62.64,,,,,96,108.0010414,Poor,Poor
48.22,,,,,84,105.543556,Moderate,Poor
63.29,,,,,86,96.13640784,Moderate,Poor
46.96,,,,,99,109.6922141,Poor,Poor
45.1,,,,,80,100.2850659,Moderate,Poor
37.98,,,,,78,159.5950213,Moderate,Very Poor
48.24,,,,,73,112.1100626,Moderate,Poor
41.12,,,,,70,95.95143582,Moderate,Poor
86.01,,,,,117,194.2376372,Poor,Very Poor
50.07,,,,,131,171.0764985,Very Poor,Very Poor
37.84,,,,,77,167.5620302,Moderate,Very Poor
112.23,,,,,169,113.7219615,Very Poor,Poor
94.7,,,,,203,111.1323533,Very Poor,Poor
92.04,,,,,221,99.62445155,Very Poor,Poor
51.29,,,,,164,106.1513212,Very Poor,Poor
49.33,,,,,85,83.16194222,Moderate,Moderate
40.62,,,,,74,144.519802,Moderate,Very Poor
45.56,,,,,81,136.1299999,Moderate,Very Poor
28.16,,,,,73,85.52694155,Moderate,Moderate
74.6,,,,,82,101.6855683,Moderate,Poor
68.25,,,,,144,86.50465077,Very Poor,Moderate
29.95,,,,,120,96.73096074,FALSE,Poor
42.18,,,,,84,98.11825086,Moderate,Poor
30.69,,,,,149,90.74579483,Very Poor,FALSE
38.43,,,,,202,87.35023713,Very Poor,Moderate
39.48,,,,,96,82.56738931,Poor,Moderate
33.9,,,,,96,106.970483,Poor,Poor
31.33,,,,,71,101.5930823,Moderate,Poor
27.71,,,,,48,77.49387118,Satisfactory,Moderate
46.18,,,,,61,114.9771288,FALSE,Poor
42.11,,,,,82,91.68386719,Moderate,Poor
23.87,,,,,55,97.84079283,Satisfactory,Poor
52.24,,,,,80,101.4609594,Moderate,Poor
34.61,,,,,86,127.700561,Moderate,Very Poor
39.27,,,,,101,127.700561,Poor,Very Poor
42.01,,,,,99,127.700561,Poor,Very Poor
61.87,,,,,76,91.48568289,Moderate,Poor
61.87,,,,,69,85.36839411,Moderate,Moderate
61.87,,,,,69,93.56001191,Moderate,Poor
34.46,,,,,84,89.25280642,Moderate,Moderate
29.83,,,,,90,121.2265404,Moderate,Very Poor
36.03,,,,,86,100.8928311,Moderate,Poor
32.77,,,,,91,91.30071087,Poor,Poor
56.97,,,,,91,150.597454,Poor,Very Poor
41.58,,,,,81,94.9737266,Moderate,Poor
34.32,,,,,81,126.9342483,Moderate,Very Poor
79.2,,,,,109,99.29414438,Poor,Poor
37.1,,,,,127,95.07942489,Very Poor,Poor
61.29,,,,,92,110.4585267,Poor,Poor
40.37,,,,,93,91.56495661,Poor,Poor
37.18,,,,,84,97.48406109,Moderate,Poor
48.82,,,,,86,138.2439658,Moderate,Very Poor
34.52,,,,,93,88.18261119,Poor,Moderate
39,,,,,82,82.65987532,Moderate,Moderate
69.85,,,,,136,83.26764051,Very Poor,Moderate
31.96,,,,,104,71.75973872,Poor,Moderate
27.78,,,,,78,70.02892915,Moderate,Moderate
28.24,,,,,82,83.13551764,Moderate,Moderate
19.53,,,,,84,99.95475872,Moderate,Poor
18.22,,,,,73,90.42869995,Moderate,FALSE
28.14,,,,,64,84.81347806,Moderate,Moderate
40.87,,,,,68,93.74498393,Moderate,Poor
33.66,,,,,79,94.45844742,Moderate,Poor
29.41,,,,,73,79.15861932,Moderate,Moderate
36.17,,,,,77,79.21146847,Moderate,Moderate
36.71,,,,,77,89.42456615,Moderate,Moderate
25.13,,,,,77,97.49727338,Moderate,Poor
25.17,,,,,67,87.81266716,Moderate,Moderate
32.9,,,,,68,111.1455656,Moderate,Poor
39.01,,,,,67,132.7212299,Moderate,Very Poor
31.68,,,,,71,158.7362226,Moderate,Very Poor
49.34,,,,,87,111.0530796,Moderate,Poor
65.67,,,,,98,137.4644409,Poor,Very Poor
85.36,,,,,137,114.6071848,Very Poor,Poor
49.27,,,,,156,112.0175766,Very Poor,Poor
69.26,,,,,116,105.2793103,Poor,Poor
51.96,,,,,104,85.32875725,Poor,Moderate
50,,,,,106,79.75317222,Poor,Moderate
44.9,,,,,81,67.87532641,Moderate,Moderate
29.8,,,,,78,79.7795968,Moderate,Moderate
25.58,,,,,66,73.37163771,Moderate,Moderate
16.59,,,,,62,79.66068622,Moderate,Moderate
25.6,,,,,58,96.82344675,Satisfactory,Poor
20.75,,,,,62,99.01668636,Moderate,Poor
25.51,,,,,78,92.68800099,Moderate,Poor
38.5,,,,,68,93.44110133,Moderate,Poor
40.16,,,,,75,114.9242796,Moderate,Poor
35.37,,,,,75,100.5757362,Moderate,Poor
35.94,,,,,77,93.25612932,Moderate,Poor
52.2,,,,,89,104.7904557,Moderate,Poor
41.34,,,,,94,120.4205909,Poor,FALSE
35.8,,,,,86,95.19833548,Moderate,Poor
44.53,,,,,146,93.01830816,Very Poor,Poor
56.36,,,,,90,135.8129051,Moderate,Very Poor
37.27,,,,,83,301.3496462,Moderate,Severe
35.62,,,,,77,345.5315332,Moderate,Severe
68.01,,,,,76,122.0853391,Moderate,Very Poor
193.3,,,,,277,85.85724872,Severe,Moderate
226.74,,,,,431,87.13884054,Severe,Moderate
57.62,,,,,213,123.3669309,Very Poor,Very Poor
30.2,,,,,72,116.9589718,Moderate,Poor
31.17,,,,,70,94.3791737,Moderate,Poor
58.59,,,,,114,80.1759654,Poor,Moderate
53.74,,,,,115,87.33702484,Poor,Moderate
36.65,,,,,100,116.4701172,Poor,Poor
25.9,,,,,68,127.978019,Moderate,Very Poor
31.32,,,,,70,72.20895647,Moderate,Moderate
53.37,,,,,83,101.2759874,Moderate,Poor
62.08,,,,,113,78.40551897,Poor,Moderate
19.87,,,,,88,82.93733334,Moderate,Moderate
41.87,,,,,75,85.61942756,Moderate,Moderate
24.56,,,,,99,81.76143982,Poor,Moderate
27.99,,,,,70,78.15448552,Moderate,Moderate
30.02,,,,,62,85.10414837,Moderate,Moderate
27.1,,,,,66,90.44191223,Moderate,FALSE
24.37,,,,,58,95.68719009,Satisfactory,Poor
29.63,,,,,68,99.967971,Moderate,Poor
33.67,,,,,68,136.5660054,Moderate,Very Poor
37.64,,,,,74,139.4991331,Moderate,Very Poor
40.88,,,,,70,154.2176205,Moderate,Very Poor
68.58,,,,,103,109.4676052,Poor,Poor
70.8,,,,,146,86.34610333,Very Poor,Moderate
81.94,,,,,163,101.2759874,Very Poor,Poor
48.07,,,,,110,106.4287792,Poor,Poor
30.57,,,,,91,123.8557855,Poor,Very Poor
41.87,,,,,68,78.63012785,Moderate,Moderate
45.77,,,,,96,76.09336879,Poor,Moderate
58.96,,,,,108,75.7762739,Poor,Moderate
24.73,,,,,82,70.31959946,Moderate,Moderate
22.81,,,,,62,101.3156243,Moderate,Poor
22.57,,,,,69,151.0070349,Moderate,Very Poor
18.44,,,,,61,145.8410307,FALSE,Very Poor
41.9,,,,,64,165.4744889,Moderate,Very Poor
79.51,,,,,126,121.7418196,Very Poor,Very Poor
75.6,,,,,158,95.93822354,Very Poor,Poor
90.46,,,,,184,101.5138086,Very Poor,Poor
57.36,,,,,136,97.12732935,Very Poor,Poor
37.83,,,,,87,85.09093609,Moderate,Moderate
42.05,,,,,71,87.66733201,Moderate,Moderate
38.73,,,,,75,112.5857049,Moderate,Poor
29.62,,,,,69,107.5650359,Moderate,Poor
31.57,,,,,57,102.9010987,Satisfactory,Poor
50.43,,,,,71,91.56495661,Moderate,Poor
46.63,,,,,90,96.29495528,Moderate,Poor
43.1,,,,,86,171.3011074,Moderate,Very Poor
34.52,,,,,76,142.4851099,Moderate,Very Poor
38.1,,,,,70,148.0739072,Moderate,Very Poor
94.87,,,,,143,150.5842417,Very Poor,Very Poor
73.06,,,,,175,138.4685747,Very Poor,Very Poor
77.29,,,,,156,124.9259807,Very Poor,Very Poor
79.19,,,,,163,106.5741144,Very Poor,Poor
70.02,,,,,153,107.1290304,Very Poor,Poor
59.77,,,,,126,124.8334947,Very Poor,Very Poor
45.88,,,,,93,116.2587206,Poor,Poor
46.3,,,,,81,112.1232748,Moderate,Poor
59.7,,,,,95,108.9259014,Poor,Poor
53.21,,,,,107,100.2190045,Poor,Poor
50.08,,,,,102,105.9267123,Poor,Poor
47.66,,,,,97,114.7921568,Poor,Poor
41.07,,,,,91,128.7971808,Poor,Very Poor
45.39,,,,,78,97.41799966,Moderate,Poor
52.1,,,,,93,113.6162633,Poor,Poor
62.7,,,,,109,116.0076872,Poor,Poor
38.95,,,,,89,151.2844929,Moderate,Very Poor
51.21,,,,,83,154.6668383,Moderate,Very Poor
53.02,,,,,88,131.1621801,Moderate,Very Poor
79.72,,,,,113,115.1488885,Poor,Poor
82.28,,,,,186,116.9325472,Very Poor,Poor
64.49,,,,,148,109.7450632,Very Poor,Poor
52.37,,,,,95,113.5502018,Poor,Poor
53.72,,,,,108,123.1951712,Poor,Very Poor
48.28,,,,,77,120.2884681,Moderate,FALSE
51.16,,,,,89,195.5324413,Moderate,Very Poor
58.46,,,,,94,147.3868683,Poor,Very Poor
56.26,,,,,105,146.8980137,Poor,Very Poor
113.21,,,,,184,128.0308681,Very Poor,Very Poor
76.77,,,,,176,145.9599413,Very Poor,Very Poor
76.4,,,,,158,119.0200885,Very Poor,Poor
62.12,,,,,136,133.8839112,Very Poor,Very Poor
75.69,,,,,124,150.6370908,Very Poor,Very Poor
55.3,,,,,121,155.1556929,Very Poor,Very Poor
66.55,,,,,96,263.1265005,Poor,Severe
79.23,,,,,179,147.188684,Very Poor,Very Poor
82.65,,,,,156,136.3942457,Very Poor,Very Poor
164.37,,,,,258,144.5462266,Severe,Very Poor
76.62,,,,,207,139.8162279,Very Poor,Very Poor
68.45,,,,,147,135.535447,Very Poor,Very Poor
74.62,,,,,134,138.5214238,Very Poor,Very Poor
71.04,,,,,161,136.9755863,Very Poor,Very Poor
67.8,,,,,129,159.5553844,Very Poor,Very Poor
70.06,,,,,164,139.2745242,Very Poor,Very Poor
68.89,,,,,140,152.4207495,Very Poor,Very Poor
85.98,,,,,180,151.7997721,Very Poor,Very Poor
70.63,,,,,167,157.3489325,Very Poor,Very Poor
80.58,,,,,149,143.7667017,Very Poor,Very Poor
80.11,,,,,164,151.1259454,Very Poor,Very Poor
84.31,,,,,187,140.46363,Very Poor,Very Poor
74.03,,,,,172,142.6832942,Very Poor,Very Poor
79.6,,,,,161,135.8129051,Very Poor,Very Poor
71.53,,,,,165,141.1506689,Very Poor,Very Poor
73.21,,,,,155,133.3554197,Very Poor,Very Poor
68.01,,,,,148,149.910415,Very Poor,Very Poor
72.05,,,,,159,144.0177351,Very Poor,Very Poor
66.15,,,,,135,95.68719009,Very Poor,Poor
78.68,,,,,167,96.1760447,Very Poor,Poor
74.22,,,,,164,104.3280256,Very Poor,Poor
37.64,,,,,123,90.13802964,Very Poor,FALSE
38.01,,,,,79,91.56495661,Moderate,Poor
44.18,,,,,94,110.7888339,Poor,Poor
33.44,,,,,78,113.1538332,Moderate,Poor
34.52,,,,,78,115.5584694,Moderate,Poor
49.07,,,,,107,106.8251478,Poor,Poor
50.86,,,,,113,146.9112259,Poor,Very Poor
52.68,,,,,131,119.1257868,Very Poor,Poor
46.07,,,,,88,129.2728231,Moderate,Very Poor
76.41,,,,,130,122.3495848,Very Poor,Very Poor
55.38,,,,,138,119.6939152,Very Poor,Poor
63.06,,,,,99,139.0102785,Poor,Very Poor
57.82,,,,,119,135.5750839,Poor,Very Poor
55.81,,,,,113,129.5767057,Poor,Very Poor
70.43,,,,,133,144.1234334,Very Poor,Very Poor
67.83,,,,,150,124.0671821,Very Poor,Very Poor
63.29,,,,,118,112.4139452,Poor,Poor
74.3,,,,,146,110.6302864,Very Poor,Poor
59.12,,,,,118,87.61448286,Poor,Moderate
50.3,,,,,95,109.4411806,Poor,Poor
48.95,,,,,88,143.4363945,Moderate,Very Poor
31.53,,,,,73,172.2391797,Moderate,Very Poor
48.05,,,,,76,179.1359934,Moderate,Very Poor
73.78,,,,,117,115.1092517,Poor,Poor
95.58,,,,,182,111.7929677,Very Poor,Poor
100.8,,,,,234,125.4676845,Very Poor,Very Poor
52.34,,,,,138,103.6013499,Very Poor,Poor
49.83,,,,,115,109.9432475,Poor,Poor
60.18,,,,,113,135.9846648,Poor,Very Poor
43.63,,,,,93,154.7989612,Poor,Very Poor
48.43,,,,,83,127.2117064,Moderate,Very Poor
68.14,,,,,113,138.5478484,Poor,Very Poor
82.38,,,,,174,124.7806456,Very Poor,Very Poor
61.5,,,,,126,169.2532029,Very Poor,Very Poor
70.08,,,,,128,86.57071221,Very Poor,Moderate
59.66,,,,,128,81.28579749,Very Poor,Moderate
93.32,,,,,118,86.90101938,Poor,Moderate
30.74,,,,,153,80.44021114,Very Poor,Moderate
26.74,,,,,74,96.0703464,Moderate,Poor
30.99,,,,,69,116.2719329,Moderate,Poor
26.1,,,,,78,112.4007329,Moderate,Poor
37.93,,,,,81,132.0606156,Moderate,Very Poor
53.22,,,,,89,120.605563,Moderate,FALSE
50.29,,,,,88,106.3230809,Moderate,Poor
65.17,,,,,108,120.9887193,Poor,FALSE
56.5,,,,,115,133.553604,Poor,Very Poor
45.69,,,,,93,114.5543356,Poor,Poor
56.79,,,,,94,112.7442523,Poor,Poor
66.3,,,,,127,114.3561513,Very Poor,Poor
51.92,,,,,117,80.77051831,Poor,Moderate
50.55,,,,,109,76.25191623,Poor,Moderate
51.77,,,,,109,92.00096207,Poor,Poor
26.35,,,,,90,98.65995461,Moderate,Poor
22.93,,,,,70,105.7417403,Moderate,Poor
34.85,,,,,69,84.86632721,Moderate,Moderate
39.89,,,,,75,82.71272446,Moderate,Moderate
45.25,,,,,86,93.71855936,Moderate,Poor
29.45,,,,,67,96.18925698,Moderate,Poor
27.82,,,,,68,96.86308361,Moderate,Poor
36.15,,,,,71,93.44110133,Moderate,Poor
38.02,,,,,81,78.35266983,Moderate,Moderate
38.53,,,,,103,80.30808827,Poor,Moderate
35.94,,,,,84,94.44523513,Moderate,Poor
24.52,,,,,62,85.09093609,Moderate,Moderate
26,,,,,70,80.99512718,Moderate,Moderate
36.7,,,,,66,103.9712939,Moderate,Poor
29.62,,,,,66,75.32705615,Moderate,Moderate
26.52,,,,,61,68.00744927,FALSE,Moderate
43.91,,,,,63,74.90426298,Moderate,Moderate
22.23,,,,,61,76.01409506,FALSE,Moderate
16.69,,,,,59,100.6021608,Satisfactory,Poor
21.91,,,,,61,82.09174699,FALSE,Moderate
22.75,,,,,62,94.44523513,Moderate,Poor
41.36,,,,,56,88.06370061,Satisfactory,Moderate
27.35,,,,,71,87.20490197,Moderate,Moderate
36.7,,,,,65,96.92914504,Moderate,Poor
31.87,,,,,66,114.0258441,Moderate,Poor
31.22,,,,,55,100.5360993,Satisfactory,Poor
38.58,,,,,65,104.1034168,Moderate,Poor
51.52,,,,,76,101.8837526,Moderate,Poor
41.31,,,,,78,84.72099206,Moderate,Moderate
44.01,,,,,89,88.34115863,Moderate,Moderate
42.33,,,,,74,102.2008475,Moderate,Poor
29.34,,,,,62,112.9820735,Moderate,Poor
32.08,,,,,59,129.1142757,Satisfactory,Very Poor
42.57,,,,,68,115.6641677,Moderate,Poor
50.73,,,,,92,147.6246894,Poor,Very Poor
62.94,,,,,112,95.35688292,Poor,Poor
52.76,,,,,111,98.03897713,Poor,Poor
76.95,,,,,127,110.3660407,Very Poor,Poor
37.39,,,,,128,75.64415103,Very Poor,Moderate
39.42,,,,,77,66.50124858,Moderate,Moderate
48.75,,,,,75,75.84233534,Moderate,Moderate
22.47,,,,,77,76.59543568,Moderate,Moderate
15.55,,,,,94,73.30557627,Poor,Moderate
22.62,,,,,80,83.05624392,Moderate,Moderate
23.19,,,,,70,79.17183161,Moderate,Moderate
20.7,,,,,74,82.52775245,Moderate,Moderate
28.08,,,,,77,82.75236132,Moderate,Moderate
25.14,,,,,71,77.26926231,Moderate,Moderate
27.68,,,,,79,110.0357335,Moderate,Poor
27.85,,,,,81,92.80691157,Moderate,Poor
23.7,,,,,82,92.89939758,Moderate,Poor
48.5,,,,,70,102.2404843,Moderate,Poor
35.46,,,,,81,115.8359274,Moderate,Poor
35.53,,,,,66,102.1479983,Moderate,Poor
42.6,,,,,64,99.13559694,Moderate,Poor
52.89,,,,,82,83.55831082,Moderate,Moderate
42.53,,,,,84,96.42707815,Moderate,Poor
40.25,,,,,73,113.510565,Moderate,Poor
28.46,,,,,64,108.767354,Moderate,Poor
38.2,,,,,65,106.8251478,Moderate,Poor
51.13,,,,,79,104.3148134,Moderate,Poor
47.54,,,,,77,120.0770715,Moderate,FALSE
46.07,,,,,88,122.1778251,Moderate,Very Poor
44.17,,,,,82,131.3735767,Moderate,Very Poor
56.1,,,,,85,112.9292243,Moderate,Poor
57.69,,,,,98,115.5584694,Poor,Poor
64.65,,,,,124,101.7912666,Very Poor,Poor
50.69,,,,,98,112.5196434,Poor,Poor
52.68,,,,,83,92.06702351,Moderate,Poor
42.26,,,,,86,93.89031908,Moderate,Poor
50.38,,,,,79,100.522887,Moderate,Poor
34.9,,,,,66,90.60045967,Moderate,FALSE
36.28,,,,,71,100.245429,Moderate,Poor
41.3,,,,,67,103.9580816,Moderate,Poor
33.79,,,,,73,106.4287792,Moderate,Poor
41.09,,,,,73,112.3743083,Moderate,Poor
43.9,,,,,88,134.3199166,Moderate,Very Poor
45.77,,,,,88,111.5155097,Moderate,Poor
50.27,,,,,91,124.8334947,Poor,Very Poor
66.88,,,,,97,109.6261526,Poor,Poor
49.62,,,,,114,115.2017377,Poor,Poor
59.7,,,,,86,121.7153951,Moderate,Very Poor
48.19,,,,,99,125.3091371,Poor,Very Poor
52.41,,,,,90,122.5609814,Moderate,Very Poor
57.34,,,,,104,126.82855,Poor,Very Poor
60.06,,,,,107,118.7558428,Poor,Poor
57.98,,,,,107,127.3306169,Poor,Very Poor
61.21,,,,,102,127.0003098,Poor,Very Poor
55.1,,,,,109,147.0697734,Poor,Very Poor
61.59,,,,,101,118.1480776,Poor,Poor
61.34,,,,,112,121.8739425,Poor,Very Poor
76.53,,,,,133,153.3720342,Very Poor,Very Poor
54.64,,,,,127,135.9450279,Very Poor,Very Poor
57.46,,,,,98,161.1804957,Poor,Very Poor
81.3,,,,,135,117.7781336,Very Poor,Poor
68.11,,,,,150,117.2628544,Very Poor,Poor
87.21,,,,,150,119.733552,Very Poor,Poor
54.36,,,,,159,149.6197447,Very Poor,Very Poor
53.97,,,,,93,117.7252844,Poor,Poor
55.84,,,,,97,116.8532735,Poor,Poor
78.46,,,,,128,128.3743876,Very Poor,Very Poor
54.32,,,,,135,120.3677418,Very Poor,FALSE
53.66,,,,,80,110.8945322,Moderate,Poor
62.38,,,,,106,105.1339751,Poor,Poor
56.32,,,,,103,106.4948407,Poor,Poor
49.15,,,,,97,109.0844489,Poor,Poor
44.79,,,,,77,113.0217103,Moderate,Poor
45.82,,,,,84,102.7689758,Moderate,Poor
47.78,,,,,76,94.94730203,Moderate,Poor
50.76,,,,,92,101.1438645,Poor,Poor
43,,,,,79,109.1901472,Moderate,Poor
37.08,,,,,66,99.20165837,Moderate,Poor
41.77,,,,,69,106.7458741,Moderate,Poor
47.86,,,,,79,119.6542783,Moderate,Poor
40.3,,,,,71,112.1232748,Moderate,Poor
46.01,,,,,70,111.8458168,Moderate,Poor
55.78,,,,,87,93.08436959,Moderate,Poor
50.08,,,,,101,95.3700952,Poor,Poor
49.87,,,,,87,101.0381662,Moderate,Poor
35.67,,,,,68,117.8309827,Moderate,Poor
37.4,,,,,63,118.3198373,Moderate,Poor
41.69,,,,,63,106.5873267,Moderate,Poor
54.4,,,,,95,113.510565,Poor,Poor
54.77,,,,,97,113.0481349,Poor,Poor
45.89,,,,,78,98.56746861,Moderate,Poor
51.13,,,,,93,104.4469362,Poor,Poor
50.78,,,,,80,115.1356762,Moderate,Poor
39.82,,,,,91,125.5998074,Poor,Very Poor
44.27,,,,,71,126.3000586,Moderate,Very Poor
52.36,,,,,79,99.7697867,Moderate,Poor
60.28,,,,,107,80.3741497,Poor,Moderate
60.81,,,,,123,85.13057295,Very Poor,Moderate
40.73,,,,,96,106.2834441,Poor,Poor
26.05,,,,,57,86.8745948,Satisfactory,Moderate
29.65,,,,,54,81.56325551,Satisfactory,Moderate
45.66,,,,,63,96.20246927,Moderate,Poor
30.97,,,,,87,92.78048699,Moderate,Poor
26.95,,,,,60,72.94884453,FALSE,Moderate
38.03,,,,,60,80.32130056,FALSE,Moderate
35.44,,,,,71,126.0358128,Moderate,Very Poor
20.43,,,,,61,119.1522114,FALSE,Poor
26.01,,,,,53,111.1455656,Satisfactory,Poor
60.61,,,,,76,137.3455303,Moderate,Very Poor
55.4,,,,,126,158.4191277,Very Poor,Very Poor
49.34,,,,,111,114.9639165,Poor,Poor
69.17,,,,,152,91.89526378,Very Poor,Poor
85.12,,,,,148,99.32056895,Very Poor,Poor
52.23,,,,,161,118.808692,Very Poor,Poor
34.77,,,,,74,89.33208014,Moderate,Moderate
40.39,,,,,71,92.02738665,Moderate,Poor
55.14,,,,,106,84.85311492,Poor,Moderate
32.83,,,,,81,88.9753484,Moderate,Moderate
34.87,,,,,70,112.9424366,Moderate,Poor
29.44,,,,,62,85.13057295,Moderate,Moderate
32.56,,,,,58,96.92914504,Satisfactory,Poor
50.7,,,,,89,108.7937786,Moderate,Poor
29.65,,,,,83,102.4650932,Moderate,Poor
38.58,,,,,65,118.3594742,Moderate,Poor
47.56,,,,,84,109.3486946,Moderate,Poor
42.77,,,,,83,127.1720695,Moderate,Very Poor
54.8,,,,,87,109.5997281,Moderate,Poor
47.98,,,,,111,135.5090225,Poor,Very Poor
61.47,,,,,93,86.66319821,Poor,Moderate
48.17,,,,,108,101.394898,Poor,Poor
67.78,,,,,118,99.58481469,Poor,Poor
30.81,,,,,115,104.7508188,Poor,Poor
41.96,,,,,68,106.6798127,Moderate,Poor
40.59,,,,,79,154.7989612,Moderate,Very Poor
44.5,,,,,70,101.5534454,Moderate,Poor
45.96,,,,,86,103.099283,Moderate,Poor
82.38,,,,,161,86.61034907,Very Poor,Moderate
42.08,,,,,112,104.5129977,Poor,Poor
43.25,,,,,97,78.96043502,Poor,Moderate
30.77,,,,,96,119.6278537,Poor,Poor
44.32,,,,,92,111.0662919,Poor,Poor
24.98,,,,,80,112.4139452,Moderate,Poor
55.76,,,,,92,112.6914032,Poor,Poor
49.28,,,,,109,86.94065624,Poor,Moderate
50.3,,,,,108,103.3371041,Poor,Poor
50.51,,,,,89,127.515589,Moderate,Very Poor
31.02,,,,,111,83.21479136,Poor,Moderate
43.43,,,,,107,75.92160906,Poor,Moderate
61.73,,,,,93,140.6221774,Poor,Very Poor
28.2,,,,,111,131.664247,Poor,Very Poor
22.68,,,,,54,88.93571154,Satisfactory,Moderate
71.65,,,,,58,75.39311759,Satisfactory,Moderate
64.87,,,,,157,69.59292369,Very Poor,Moderate
32.53,,,,,82,73.14702883,Moderate,Moderate
22.28,,,,,66,77.24283774,Moderate,Moderate
17.89,,,,,63,68.02066156,Moderate,Moderate
20.58,,,,,66,91.59138118,Moderate,Poor
23.68,,,,,75,93.66571021,Moderate,Poor
16.7,,,,,81,126.551092,Moderate,Very Poor
34.54,,,,,65,138.9970662,Moderate,Very Poor
36.11,,,,,69,116.6286646,Moderate,Poor
61,,,,,96,109.7186387,Poor,Poor
70.42,,,,,164,98.40892116,Very Poor,Poor
53.49,,,,,147,99.78299899,Very Poor,Poor
48.26,,,,,90,100.0076079,Moderate,Poor
39.7,,,,,82,85.35518182,Moderate,Moderate
40.74,,,,,65,90.6797334,Moderate,FALSE
40.91,,,,,70,87.70696887,Moderate,Moderate
29.82,,,,,68,98.34285973,Moderate,Poor
33.85,,,,,77,133.3818443,Moderate,Very Poor
31.6,,,,,67,132.5626825,Moderate,Very Poor
39.65,,,,,91,268.9927558,Poor,Severe
66.17,,,,,110,143.1589365,Poor,Very Poor
65.55,,,,,124,147.3868683,Very Poor,Very Poor
168.81,,,,,218,142.1812273,Very Poor,Very Poor
73.57,,,,,170,141.4017024,Very Poor,Very Poor
76.77,,,,,160,127.2117064,Very Poor,Very Poor
72.83,,,,,140,124.9524053,Very Poor,Very Poor
72.24,,,,,144,145.2464778,Very Poor,Very Poor
61.5,,,,,126,91.55174432,Very Poor,Poor
59.79,,,,,115,83.16194222,Poor,Moderate
75.15,,,,,158,82.46169102,Very Poor,Moderate
34.51,,,,,98,83.71685826,Poor,Moderate
28.16,,,,,78,92.99188358,Moderate,Poor
27.63,,,,,83,159.859267,Moderate,Very Poor
28.58,,,,,89,92.46339211,Moderate,Poor
35.6,,,,,65,118.6369322,Moderate,Poor
86.21,,,,,167,123.9879084,Very Poor,Very Poor
35.2,,,,,85,111.991152,Moderate,Poor
55.01,,,,,72,144.6915618,Moderate,Very Poor
59.06,,,,,128,139.5123454,Very Poor,Very Poor
49.98,,,,,96,155.0764192,Poor,Very Poor
74.73,,,,,133,167.7337899,Very Poor,Very Poor
70.81,,,,,137,192.6653751,Very Poor,Very Poor
82.59,,,,,155,157.9566977,Very Poor,Very Poor
92.17,,,,,185,108.0671028,Very Poor,Poor
111.04,,,,,231,68.45666702,Very Poor,Moderate
84.77,,,,,210,83.91504256,Very Poor,Moderate
47.01,,,,,135,87.9712146,Very Poor,Moderate
17.03,,,,,68,75.06281042,Moderate,Moderate
28.73,,,,,71,102.5179424,Moderate,Poor
31.8,,,,,78,72.85635852,Moderate,Moderate
22.03,,,,,70,72.06362132,Moderate,Moderate
42.81,,,,,72,109.0580243,Moderate,Poor
20.36,,,,,65,168.6850746,Moderate,Very Poor
19.76,,,,,60,193.999816,FALSE,Very Poor
47.76,,,,,70,153.9665871,Moderate,Very Poor
92.89,,,,,162,132.5758948,Very Poor,Very Poor
112.05,,,,,234,127.608075,Very Poor,Very Poor
81.75,,,,,211,107.6971588,Very Poor,Poor
65.56,,,,,141,109.1637226,Very Poor,Poor
61.8,,,,,123,117.5006756,Very Poor,Poor
46.73,,,,,90,76.46331282,Moderate,Moderate
47.84,,,,,79,86.39895248,Moderate,Moderate
54.15,,,,,96,76.34440223,Poor,Moderate
23.09,,,,,74,87.89194088,Moderate,Moderate
30.61,,,,,67,109.2694209,Moderate,Poor
23,,,,,80,158.9608315,Moderate,Very Poor
31.74,,,,,86,176.6520835,Moderate,Very Poor
47.92,,,,,87,175.8989832,Moderate,Very Poor
85.53,,,,,129,171.6842637,Very Poor,Very Poor
98.92,,,,,221,157.7981503,Very Poor,Very Poor
98.35,,,,,224,160.2952725,Very Poor,Very Poor
95.16,,,,,222,114.4618496,Very Poor,Poor
84.65,,,,,196,115.5584694,Very Poor,Poor
86.54,,,,,195,160.9030377,Very Poor,Very Poor
51.85,,,,,154,119.271122,Very Poor,Poor
52.68,,,,,86,115.7962906,Moderate,Poor
87,,,,,149,143.5553051,Very Poor,Very Poor
55.49,,,,,155,84.24534973,Very Poor,Moderate
52.86,,,,,89,109.5204543,Moderate,Poor
73.87,,,,,148,97.44442423,Very Poor,Poor
28.98,,,,,90,109.8375492,Moderate,Poor
48.11,,,,,78,129.77489,Moderate,Very Poor
38.97,,,,,81,135.073017,Moderate,Very Poor
48.35,,,,,82,152.9096041,Moderate,Very Poor
63.44,,,,,109,173.2961627,Poor,Very Poor
67.45,,,,,137,193.7091457,Very Poor,Very Poor
80.95,,,,,150,136.1299999,Very Poor,Very Poor
96.38,,,,,217,192.4143416,Very Poor,Very Poor
111.83,,,,,182,178.977446,Very Poor,Very Poor
68.25,,,,,160,122.1514005,Very Poor,Very Poor
110.85,,,,,205,207.7141697,Very Poor,Very Poor
100.68,,,,,211,117.4874633,Very Poor,Poor
57.67,,,,,150,174.2870842,Very Poor,Very Poor
122.43,,,,,212,144.5726512,Very Poor,Very Poor
54.14,,,,,158,144.0309474,Very Poor,Very Poor
97.13,,,,,167,168.4340411,Very Poor,Very Poor
74.64,,,,,192,139.4066471,Very Poor,Very Poor
74.23,,,,,116,124.2389418,Poor,Very Poor
92.7,,,,,186,175.5818883,Very Poor,Very Poor
70.73,,,,,168,164.1004111,Very Poor,Very Poor
59.25,,,,,108,217.6101725,Poor,Very Poor
98.11,,,,,185,131.941705,Very Poor,Very Poor
89.42,,,,,181,97.00841877,Very Poor,Poor
129.92,,,,,199,122.7459534,Very Poor,Very Poor
65.08,,,,,183,106.5873267,Very Poor,Poor
38.64,,,,,105,111.4890851,Poor,Poor
58.12,,,,,110,136.3810334,Poor,Very Poor
45.89,,,,,115,134.4256149,Poor,Very Poor
49.6,,,,,97,123.8954224,Poor,Very Poor
68.44,,,,,111,99.59802697,Poor,Poor
66.96,,,,,140,132.6155316,Very Poor,Very Poor
58.99,,,,,131,139.6841051,Very Poor,Very Poor
40.6,,,,,102,82.4749033,Poor,Moderate
65.59,,,,,98,105.636042,Poor,Poor
70.94,,,,,176,82.9769702,Very Poor,Moderate
27.64,,,,,92,71.49549298,Poor,Moderate
45.17,,,,,99,67.86211412,Poor,Moderate
28.02,,,,,73,70.50457148,Moderate,Moderate
19.33,,,,,68,100.8135574,Moderate,Poor
16.58,,,,,70,119.0200885,Moderate,Poor
18.58,,,,,71,153.0945762,Moderate,Very Poor
41.52,,,,,84,101.5402331,Moderate,Poor
55.3,,,,,120,102.3990318,FALSE,Poor
81.09,,,,,144,87.03314224,Very Poor,Moderate
42.07,,,,,147,107.9878291,Very Poor,Poor
42.72,,,,,99,104.5790591,Poor,Poor
31.09,,,,,84,125.9565391,Moderate,Very Poor
46.95,,,,,86,115.9019889,Moderate,Poor
44.37,,,,,115,83.50546167,Poor,Moderate
60.55,,,,,149,73.75479402,Very Poor,Moderate
52.94,,,,,138,62.82823285,Very Poor,Moderate
28.42,,,,,87,95.33045834,Moderate,Poor
21.04,,,,,77,119.9977978,Moderate,Poor
12.77,,,,,67,186.0592317,Moderate,Very Poor
37.37,,,,,77,281.8483109,Moderate,Severe
56.04,,,,,126,102.5707915,Very Poor,Poor
106.04,,,,,200,105.9531369,Very Poor,Poor
178.54,,,,,283,104.7640311,Severe,Poor
42.85,,,,,187,81.03476404,Very Poor,Moderate
45.41,,,,,87,68.56236532,Moderate,Moderate
44.51,,,,,93,67.88853869,Poor,Moderate
26.55,,,,,80,89.45099072,Moderate,Moderate
17.11,,,,,78,95.43615664,Moderate,Poor
16.6,,,,,66,79.71353536,Moderate,Moderate
32.92,,,,,75,95.33045834,Moderate,Poor
37.45,,,,,104,143.7931263,Poor,Very Poor
25.55,,,,,101,310.1754537,Poor,Severe
37.37,,,,,89,90.74579483,Moderate,FALSE
74.05,,,,,105,161.4051046,Poor,Very Poor
199.98,,,,,279,197.3161,Severe,Very Poor
33.9,,,,,127,278.584876,Very Poor,Severe
87.38,,,,,100,97.28587679,Poor,Poor
114.56,,,,,102,103.4031656,Poor,Poor
176.07,,,,,252,116.2455083,Severe,Poor
38.85,,,,,128,122.8384394,Very Poor,Very Poor
43.48,,,,,76,98.63353004,Moderate,Poor
53.2,,,,,87,97.36515051,Moderate,Poor
58.19,,,,,111,94.12814025,Poor,Poor
39.87,,,,,105,82.55417702,Poor,Moderate
38.91,,,,,85,83.57152311,Moderate,Moderate
36.46,,,,,90,115.492408,Moderate,Poor
27.7,,,,,83,147.2018963,Moderate,Very Poor
28.47,,,,,66,122.7063166,Moderate,Very Poor
52.63,,,,,89,115.8095029,Moderate,Poor
76.63,,,,,143,109.5204543,Very Poor,Poor
58.09,,,,,155,122.0324899,Very Poor,Very Poor
52.87,,,,,100,95.25118462,Poor,Poor
48.11,,,,,86,101.8705403,Moderate,Poor
57.58,,,,,106,130.2901692,Poor,Very Poor
37.31,,,,,86,112.8499506,Moderate,Poor
42.32,,,,,87,100.1397307,Moderate,Poor
63.83,,,,,103,95.01336346,Poor,Poor
50.63,,,,,138,91.68386719,Very Poor,Poor
41.01,,,,,102,93.44110133,Poor,Poor
37.13,,,,,95,97.86721741,Poor,Poor
34.61,,,,,83,90.09839278,Moderate,FALSE
35.94,,,,,83,96.34780443,Moderate,Poor
39.29,,,,,87,96.21568156,Moderate,Poor
33.41,,,,,81,95.13227404,Moderate,Poor
38.14,,,,,81,128.1894156,Moderate,Very Poor
38.04,,,,,73,135.9186033,Moderate,Very Poor
37.22,,,,,81,111.2512639,Moderate,Poor
62.24,,,,,100,109.5336666,Poor,Poor
68.09,,,,,130,89.39814158,Very Poor,Moderate
49.42,,,,,126,93.82425765,Very Poor,Poor
48.12,,,,,117,91.34034773,Poor,Poor
32.88,,,,,89,88.6714658,Moderate,Moderate
36.23,,,,,100,117.9895302,Poor,Poor
34.35,,,,,101,94.88124059,Poor,Poor
32.33,,,,,99,124.6220981,Poor,Very Poor
54.52,,,,,98,119.9713732,Poor,Poor
37.03,,,,,112,95.07942489,Poor,Poor
59.54,,,,,111,93.75819622,Poor,Poor
56.02,,,,,110,88.10333747,Poor,Moderate
37.18,,,,,100,77.9827258,Poor,Moderate
36.18,,,,,79,71.69367729,Moderate,Moderate
31.9,,,,,76,68.77376191,Moderate,Moderate
24.24,,,,,76,63.06605402,Moderate,Moderate
19.48,,,,,70,79.52856335,Moderate,Moderate
17.27,,,,,73,78.9736473,Moderate,Moderate
12.95,,,,,62,84.69456748,Moderate,Moderate
25.41,,,,,66,78.65655242,Moderate,Moderate
24.99,,,,,81,85.35518182,Moderate,Moderate
29.32,,,,,85,84.95881322,Moderate,Moderate
24.75,,,,,74,87.64090744,Moderate,Moderate
29.82,,,,,74,92.48981668,Moderate,Poor
29.52,,,,,73,79.63426164,Moderate,Moderate
31.55,,,,,76,81.28579749,Moderate,Moderate
35.22,,,,,75,80.83657974,Moderate,Moderate
25.49,,,,,69,92.6747887,Moderate,Poor
26.74,,,,,71,85.5797907,Moderate,Moderate
26.4,,,,,75,86.24040504,Moderate,Moderate
35.36,,,,,78,86.10828217,Moderate,Moderate
29.99,,,,,80,95.15869862,Moderate,Poor
30.49,,,,,78,97.35193822,Moderate,Poor
30.39,,,,,78,96.25531842,Moderate,Poor
37.24,,,,,80,96.99520648,Moderate,Poor
38.9,,,,,79,102.4783055,Moderate,Poor
38.07,,,,,82,92.9786713,Moderate,Poor
38.63,,,,,83,96.6781116,Moderate,Poor
42.78,,,,,75,132.2323753,Moderate,Very Poor
35.59,,,,,79,114.3957882,Moderate,Poor
38.39,,,,,77,133.9103358,Moderate,Very Poor
65.3,,,,,126,134.2802798,Very Poor,Very Poor
51.8,,,,,150,118.8747534,Very Poor,Poor
66.57,,,,,135,104.9622154,Very Poor,Poor
66.85,,,,,145,100.6417976,Very Poor,Poor
55.19,,,,,132,98.42213345,Very Poor,Poor
44.66,,,,,107,94.02244195,Poor,Poor
41.39,,,,,102,75.9744582,Poor,Moderate
39.71,,,,,88,76.79361999,Moderate,Moderate
36.38,,,,,83,81.70859067,Moderate,Moderate
22.72,,,,,76,106.6269635,Moderate,Poor
23.34,,,,,71,108.5031083,Moderate,Poor
27.06,,,,,80,109.1769349,Moderate,Poor
45.92,,,,,79,110.194281,Moderate,Poor
47.34,,,,,113,106.1645335,Poor,Poor
47.85,,,,,124,143.9384614,Very Poor,Very Poor
48.62,,,,,131,118.2669882,Very Poor,Poor
45.57,,,,,113,132.0870402,Poor,Very Poor
74.16,,,,,132,116.5229663,Very Poor,Poor
54.73,,,,,137,106.3759301,Very Poor,Poor
65.19,,,,,141,122.5477691,Very Poor,Very Poor
53.41,,,,,156,122.7855903,Very Poor,Very Poor
45.73,,,,,148,125.9301145,Very Poor,Very Poor
57.97,,,,,143,115.4395588,Very Poor,Poor
58.15,,,,,161,117.381765,Very Poor,Poor
60.53,,,,,143,101.8705403,Very Poor,Poor
52.59,,,,,153,119.733552,Very Poor,Poor
54.06,,,,,132,109.1769349,Very Poor,Poor
42.32,,,,,94,118.4915971,Poor,Poor
55.84,,,,,126,114.3825759,Very Poor,Poor
47.85,,,,,119,113.972995,Poor,Poor
54.9,,,,,100,95.8721621,Poor,Poor
51.79,,,,,116,100.1661553,Poor,Poor
51.48,,,,,119,116.3908435,Poor,Poor
37.78,,,,,110,101.5666577,Poor,Poor
41.03,,,,,91,120.1034961,Poor,FALSE
53.31,,,,,89,121.0019316,Moderate,Very Poor
42.09,,,,,87,100.4171888,Moderate,Poor
56.12,,,,,80,94.60378257,Moderate,Poor
56.8,,,,,108,94.44523513,Poor,Poor
41.22,,,,,91,97.90685427,Poor,Poor
36.82,,,,,88,90.69294568,Moderate,FALSE
36.7,,,,,92,85.32875725,Poor,Moderate
39.32,,,,,96,182.2540931,Poor,Very Poor
33.86,,,,,109,106.0984721,Poor,Poor
29.8,,,,,101,92.34448153,Poor,Poor
103.16,,,,,129,105.6228297,Very Poor,Poor
45.52,,,,,179,124.199305,Very Poor,Very Poor
35.11,,,,,69,109.1240857,Moderate,Poor
45.16,,,,,78,89.92663305,Moderate,Moderate
59.22,,,,,106,115.3867097,Poor,Poor
47.81,,,,,123,168.6058008,Very Poor,Very Poor
33.28,,,,,125,112.0043643,Very Poor,Poor
52.55,,,,,73,175.383704,Moderate,Very Poor
92.83,,,,,174,96.08355869,Very Poor,Poor
49.99,,,,,84,109.5336666,Moderate,Poor
97.96,,,,,134,114.5939725,Very Poor,Poor
37.94,,,,,85,106.2173827,Moderate,Poor
48.12,,,,,77,86.43858934,Moderate,Moderate
51.95,,,,,88,94.33953683,Moderate,Poor
45.61,,,,,92,112.0440011,Poor,Poor
30.64,,,,,92,91.59138118,Poor,Poor
36.62,,,,,76,108.6484434,Moderate,Poor
50.02,,,,,81,99.05632322,Moderate,Poor
34.54,,,,,94,85.80439957,Poor,Moderate
47.45,,,,,80,103.7598973,Moderate,Poor
40.19,,,,,99,110.1282195,Poor,Poor
30.16,,,,,80,86.34610333,Moderate,Moderate
43.75,,,,,77,93.03152044,Moderate,Poor
48.57,,,,,85,83.92825485,Moderate,Moderate
30.57,,,,,74,82.36920501,Moderate,Moderate
35.63,,,,,84,86.96708081,Moderate,Moderate
28.74,,,,,87,85.28912039,Moderate,Moderate
27.56,,,,,70,105.5831929,Moderate,Poor
31.04,,,,,73,76.63507254,Moderate,Moderate
29.77,,,,,73,80.22881455,Moderate,Moderate
45.13,,,,,94,88.61861666,Poor,Moderate
23.22,,,,,85,83.04303163,Moderate,Moderate
25.94,,,,,66,94.35274912,Moderate,Poor
32.29,,,,,83,89.80772247,Moderate,Moderate
28.07,,,,,77,91.03646514,Moderate,Poor
36.63,,,,,74,113.4445035,Moderate,Poor
33.19,,,,,114,114.4486373,Poor,Poor
34.12,,,,,105,101.7516297,Poor,Poor
51.08,,,,,129,115.7434414,Very Poor,Poor
51.84,,,,,130,80.55912172,Very Poor,Moderate
42.23,,,,,126,73.79443089,Very Poor,Moderate
52.82,,,,,105,78.9736473,Poor,Moderate
26.19,,,,,110,75.82912305,Poor,Moderate
21.07,,,,,65,75.89518448,Moderate,Moderate
24.99,,,,,84,67.99423699,Moderate,Moderate
22.61,,,,,70,70.59705748,Moderate,Moderate
22.66,,,,,74,74.79856468,Moderate,Moderate
16.68,,,,,76,79.66068622,Moderate,Moderate
18.65,,,,,112,71.07269981,Poor,Moderate
21.83,,,,,80,80.8762166,Moderate,Moderate
25.51,,,,,106,63.17175231,Poor,Moderate
19.01,,,,,105,63.39636119,Poor,Moderate
26.43,,,,,110,75.86875991,Poor,Moderate
13.03,,,,,82,81.70859067,Moderate,Moderate
13.2,,,,,69,84.54923233,Moderate,Moderate
22.64,,,,,58,87.48235999,Satisfactory,Moderate
27.06,,,,,68,80.16275312,Moderate,Moderate
29.21,,,,,77,69.1833428,Moderate,Moderate
31.43,,,,,82,75.48560359,Moderate,Moderate
25.89,,,,,52,69.02479536,Satisfactory,Moderate
17.58,,,,,48,70.5838452,Satisfactory,Moderate
22.35,,,,,47,73.13381655,Satisfactory,Moderate
17.46,,,,,57,79.18504389,Satisfactory,Moderate
18.64,,,,,48,76.17264251,Satisfactory,Moderate
20.57,,,,,104,81.7746521,Poor,Moderate
25.15,,,,,51,81.51040637,Satisfactory,Moderate
22.87,,,,,101,86.43858934,Poor,Moderate
27.11,,,,,121,85.18342209,Very Poor,Moderate
26.91,,,,,122,92.2784201,Very Poor,Poor
30.64,,,,,108,75.40632987,Poor,Moderate
29.69,,,,,100,80.09669168,Poor,Moderate
35.06,,,,,146,80.79694288,Very Poor,Moderate
22.29,,,,,70,75.84233534,Moderate,Moderate
25.84,,,,,75,95.51543036,Moderate,Poor
26.37,,,,,105,95.96464811,Poor,Poor
22.62,,,,,76,97.82758055,Moderate,Poor
37.51,,,,,76,77.12392715,Moderate,Moderate
37.85,,,,,111,82.10495927,Poor,Moderate
39.26,,,,,150,76.93895514,Very Poor,Moderate
23.59,,,,,103,73.46412372,Poor,Moderate
27.36,,,,,78,83.92825485,Moderate,Moderate
23.45,,,,,81,75.80269848,Moderate,Moderate
20.82,,,,,89,81.60289237,Moderate,Moderate
28.74,,,,,100,76.5822234,Poor,Moderate
22.59,,,,,96,96.21568156,Poor,Poor
26.98,,,,,105,90.13802964,Poor,FALSE
23.18,,,,,95,103.654199,Poor,Poor
38.04,,,,,120,127.793047,FALSE,Very Poor
33.44,,,,,106,92.23878324,Poor,Poor
43.67,,,,,126,68.2849073,Very Poor,Moderate
61.94,,,,,135,64.81007587,Very Poor,Moderate
35.03,,,,,114,69.42116396,Poor,Moderate
16.9,,,,,93,73.68873259,Poor,Moderate
14.27,,,,,99,80.13632854,Poor,Moderate
17.76,,,,,103,76.37082681,Poor,Moderate
20.99,,,,,105,101.209926,Poor,Poor
25.87,,,,,116,88.76395181,Poor,Moderate
23.02,,,,,106,87.04635453,Poor,Moderate
41.82,,,,,109,76.99180429,Poor,Moderate
32.4,,,,,122,108.582382,Very Poor,Poor
31.1,,,,,110,71.4822807,Poor,Moderate
23.49,,,,,72,123.4329923,Moderate,Very Poor
47.4,,,,,78,94.26026311,Moderate,Poor
19.32,,,,,145,78.32624525,Very Poor,Moderate
58.64,,,,,108,73.87370461,Poor,Moderate
36.56,,,,,141,73.96619061,Very Poor,Moderate
24.5,,,,,114,67.54501924,Poor,Moderate
21.13,,,,,92,65.6820868,Poor,Moderate
21.2,,,,,87,73.88691689,Moderate,Moderate
16.34,,,,,92,72.81672166,Poor,Moderate
14.93,,,,,89,69.1833428,Moderate,Moderate
21.14,,,,,86,86.84817023,Moderate,Moderate
20.33,,,,,75,88.23546034,Moderate,Moderate
17.58,,,,,64,87.91836546,Moderate,Moderate
30.95,,,,,61,92.23878324,FALSE,Poor
32,,,,,80,81.03476404,Moderate,Moderate
31.76,,,,,75,83.57152311,Moderate,Moderate
35.03,,,,,73,98.80528977,Moderate,Poor
26.55,,,,,71,92.64836413,Moderate,Poor
28.47,,,,,69,107.3668516,Moderate,Poor
40,,,,,81,172.1202691,Moderate,Very Poor
35.34,,,,,67,249.0686274,Moderate,Very Poor
46.48,,,,,86,117.474251,Moderate,Poor
95.49,,,,,121,87.20490197,Very Poor,Moderate
153.73,,,,,306,91.73671634,Severe,Poor
54.13,,,,,208,162.211054,Very Poor,Very Poor
31.22,,,,,83,99.83584814,Moderate,Poor
34.65,,,,,84,91.4724706,Moderate,Poor
87.99,,,,,141,139.6973174,Very Poor,Very Poor
40.78,,,,,133,198.3598707,Very Poor,Very Poor
34.45,,,,,76,176.5331729,Moderate,Very Poor
70.95,,,,,91,185.9271088,Poor,Very Poor
115.35,,,,,222,206.3929411,Very Poor,Very Poor
98.83,,,,,261,234.7597208,Severe,Very Poor
105.94,,,,,229,173.8510787,Very Poor,Very Poor
121.43,,,,,273,169.0021695,Severe,Very Poor
142.9,,,,,294,127.1456449,Severe,Very Poor
96.8,,,,,253,87.33702484,Severe,Moderate
93.13,,,,,230,95.14548633,Very Poor,Poor
61.45,,,,,192,71.29730868,Very Poor,Moderate
31.32,,,,,77,75.00996127,Moderate,Moderate
37.23,,,,,76,105.2925226,Moderate,Poor
19.18,,,,,92,121.1340544,Poor,Very Poor
21.99,,,,,84,81.51040637,Moderate,Moderate
44.91,,,,,57,83.63758454,Satisfactory,Moderate
56.9,,,,,122,73.63588344,Very Poor,Moderate
26.91,,,,,90,90.28336479,Moderate,FALSE
28.52,,,,,63,87.12562825,Moderate,Moderate
20.95,,,,,47,106.7987233,Satisfactory,Poor
33.55,,,,,56,124.754221,Satisfactory,Very Poor
31.16,,,,,60,105.1603997,FALSE,Poor
46.05,,,,,64,116.4172681,Moderate,Poor
59.64,,,,,110,95.89858668,Poor,Poor
44.81,,,,,86,86.33289104,Moderate,Moderate
53.33,,,,,77,73.80764317,Moderate,Moderate
37.8,,,,,80,70.33281175,Moderate,Moderate
30.56,,,,,63,69.46080082,Moderate,Moderate
21.08,,,,,53,73.92655375,Satisfactory,Moderate
18.45,,,,,48,93.74498393,Satisfactory,Poor
17.79,,,,,60,95.58149179,FALSE,Poor
21.17,,,,,49,128.4140245,Satisfactory,Very Poor
36.17,,,,,56,116.8796981,Satisfactory,Poor
37.56,,,,,71,91.96132521,Moderate,Poor
62.41,,,,,93,92.74085013,Poor,Poor
53.68,,,,,107,82.38241729,Poor,Moderate
34.82,,,,,76,95.79288838,Moderate,Poor
35.41,,,,,69,94.24705083,Moderate,Poor
27.57,,,,,61,82.65987532,FALSE,Moderate
37.72,,,,,56,91.08931429,Satisfactory,Poor
36.55,,,,,72,99.83584814,Moderate,Poor
27.78,,,,,62,92.99188358,Moderate,Poor
34.16,,,,,52,87.21811426,Satisfactory,Moderate
40.78,,,,,68,104.1430536,Moderate,Poor
35.6,,,,,70,109.4676052,Moderate,Poor
31.23,,,,,59,115.0299779,Satisfactory,Poor
44.04,,,,,62,132.4305596,Moderate,Very Poor
48.07,,,,,92,141.8377078,Poor,Very Poor
52.28,,,,,83,122.2438865,Moderate,Very Poor
65.45,,,,,106,115.6509554,Poor,Poor
72.57,,,,,126,116.6550892,Very Poor,Poor
57.74,,,,,134,117.7913459,Very Poor,Poor
52.75,,,,,92,123.1555343,Poor,Very Poor
53.51,,,,,99,88.0769129,Poor,Moderate
54.37,,,,,99,94.76233001,Poor,Poor
58.43,,,,,110,115.2942237,Poor,Poor
31.88,,,,,77,97.14054163,Moderate,Poor
36.94,,,,,65,106.0588352,Moderate,Poor
52.48,,,,,92,83.2808528,Poor,Moderate
38.74,,,,,83,82.40884187,Moderate,Moderate
45.49,,,,,84,88.44685693,Moderate,Moderate
28.25,,,,,70,86.24040504,Moderate,Moderate
27.59,,,,,57,76.83325685,Satisfactory,Moderate
32.16,,,,,74,71.65404043,Moderate,Moderate
30.49,,,,,64,90.27015251,Moderate,FALSE
23.37,,,,,62,101.7384174,Moderate,Poor
19.45,,,,,61,101.6591437,FALSE,Poor
33.54,,,,,55,99.80942356,Satisfactory,Poor
42.22,,,,,73,98.55425632,Moderate,Poor
42.16,,,,,79,123.0894729,Moderate,Very Poor
40.76,,,,,74,143.8856123,Moderate,Very Poor
39.81,,,,,72,208.3087226,Moderate,Very Poor
58.38,,,,,83,109.4543929,Moderate,Poor
74.12,,,,,140,90.99682828,Very Poor,FALSE
122.88,,,,,230,92.63515184,Very Poor,Poor
48.06,,,,,168,83.83576884,Very Poor,Moderate
34.09,,,,,74,87.13884054,Moderate,Moderate
35.33,,,,,62,95.71361466,Moderate,Poor
28.67,,,,,65,105.2925226,Moderate,Poor
31.17,,,,,67,109.3090578,Moderate,Poor
37.66,,,,,69,125.1638019,Moderate,Very Poor
44.91,,,,,85,128.3215384,Moderate,Very Poor
47.95,,,,,93,112.6517663,Poor,Poor
59.95,,,,,104,101.1042277,Poor,Poor
62.34,,,,,123,108.39741,Very Poor,Poor
50.48,,,,,110,116.8532735,Poor,Poor
41.74,,,,,87,115.0431902,Moderate,Poor
47.26,,,,,78,103.8523833,Moderate,Poor
53.66,,,,,85,94.26026311,Moderate,Poor
52.29,,,,,84,88.76395181,Moderate,Moderate
43.82,,,,,87,86.35931562,Moderate,Moderate
36.56,,,,,78,95.52864265,Moderate,Poor
32.4,,,,,63,98.2767983,Moderate,Poor
30.58,,,,,55,98.71280376,Satisfactory,Poor
37.52,,,,,63,98.8713512,Moderate,Poor
39.6,,,,,74,93.94316823,Moderate,Poor
39.93,,,,,94,83.54509853,Poor,Moderate
40.05,,,,,89,83.08266849,Moderate,Moderate
36.32,,,,,75,92.74085013,Moderate,Poor
28.45,,,,,64,84.43032175,Moderate,Moderate
28.1,,,,,61,88.46006922,FALSE,Moderate
35.41,,,,,58,111.3305376,Satisfactory,Poor
29.12,,,,,69,121.067993,Moderate,Very Poor
32.17,,,,,81,118.3858988,Moderate,Poor
49.48,,,,,93,92.3709061,Poor,Poor
56.85,,,,,118,91.20822487,Poor,Poor
54.82,,,,,121,100.7739205,Very Poor,Poor
35.13,,,,,82,102.7029144,Moderate,Poor
34.25,,,,,72,92.88618529,Moderate,Poor
41.49,,,,,85,97.32551365,Moderate,Poor
42.95,,,,,84,84.53602004,Moderate,Moderate
35.52,,,,,77,83.94146714,Moderate,Moderate
38.88,,,,,75,87.00671767,Moderate,Moderate
29.2,,,,,76,90.74579483,Moderate,FALSE
28.75,,,,,65,97.81436826,Moderate,Poor
31.07,,,,,77,102.7293389,Moderate,Poor
33.9,,,,,81,89.66238731,Moderate,Moderate
39.25,,,,,84,93.71855936,Moderate,Poor
42.97,,,,,83,93.50716277,Moderate,Poor
33.08,,,,,75,103.561713,Moderate,Poor
36.15,,,,,72,101.6591437,Moderate,Poor
35.99,,,,,80,89.93984534,Moderate,Moderate
43.6,,,,,76,81.21973606,Moderate,Moderate
42.16,,,,,96,78.92079816,Poor,Moderate
33.29,,,,,84,86.83495794,Moderate,Moderate
26.69,,,,,77,74.82498925,Moderate,Moderate
24.95,,,,,61,80.21560226,FALSE,Moderate
30.94,,,,,69,82.11817156,Moderate,Moderate
21.85,,,,,57,68.00744927,Satisfactory,Moderate
25.93,,,,,65,78.90758587,Moderate,Moderate
27.37,,,,,61,93.05794502,FALSE,Poor
16.69,,,,,76,97.86721741,Moderate,Poor
24.94,,,,,65,96.79702218,Moderate,Poor
35.65,,,,,72,89.90020848,Moderate,Moderate
39.29,,,,,74,100.8664065,Moderate,Poor
38.48,,,,,79,98.02576485,Moderate,Poor
33.26,,,,,66,105.0547014,Moderate,Poor
41.56,,,,,76,89.13389584,Moderate,Moderate
39.41,,,,,92,84.40389717,Poor,Moderate
44.73,,,,,88,98.03897713,Moderate,Poor
32.68,,,,,95,88.11654976,Poor,Moderate
29.1,,,,,80,77.95630122,Moderate,Moderate
39.42,,,,,71,75.59130189,Moderate,Moderate
31.91,,,,,73,87.66733201,Moderate,Moderate
24.22,,,,,57,82.42205416,Satisfactory,Moderate
22.43,,,,,58,91.94811293,Satisfactory,Poor
31.57,,,,,54,81.35185893,Satisfactory,Moderate
27.6,,,,,59,84.6813552,Satisfactory,Moderate
34.81,,,,,55,87.65411972,Satisfactory,Moderate
26.79,,,,,53,89.4774153,Satisfactory,Moderate
29.31,,,,,50,87.13884054,Satisfactory,Moderate
31.56,,,,,60,78.73582614,FALSE,Moderate
32.94,,,,,75,73.39806228,Moderate,Moderate
31.17,,,,,74,74.4814698,Moderate,Moderate
24.81,,,,,72,64.81007587,Moderate,Moderate
20.77,,,,,67,61.6787639,Moderate,Moderate
21.59,,,,,66,65.47069021,Moderate,Moderate
14.27,,,,,57,65.39141649,Satisfactory,Moderate
11.9,,,,,55,100.152943,Satisfactory,Poor
14.77,,,,,55,66.64658373,Satisfactory,Moderate
14.71,,,,,55,65.58960079,Satisfactory,Moderate
41.02,,,,,80,69.67219741,Moderate,Moderate
15.66,,,,,60,69.56649911,FALSE,Moderate
14.86,,,,,59,65.29893048,Satisfactory,Moderate
17.95,,,,,64,72.7770848,Moderate,Moderate
17.87,,,,,65,57.09410039,Moderate,Satisfactory
14.64,,,,,62,57.76792702,Moderate,Satisfactory
20.3,,,,,65,56.65809493,Moderate,Satisfactory
8.43,,,,,65,58.7852731,Moderate,Satisfactory
8.94,,,,,56,60.05365263,Satisfactory,FALSE
8.1,,,,,59,62.66968541,Satisfactory,Moderate
9.71,,,,,59,56.60524578,Satisfactory,Satisfactory
10.67,,,,,61,56.63167035,FALSE,Satisfactory
12.65,,,,,60,59.77619461,FALSE,Satisfactory
8.06,,,,,56,60.17256321,Satisfactory,FALSE
8.08,,,,,58,59.77619461,Satisfactory,Satisfactory
10.46,,,,,67,54.61019047,Moderate,Satisfactory
10.76,,,,,66,60.63499325,Moderate,FALSE
10.46,,,,,60,59.6837086,FALSE,Satisfactory
6.55,,,,,68,64.62510386,Moderate,Moderate
11.11,,,,,69,63.23781374,Moderate,Moderate
10.39,,,,,70,61.37488131,Moderate,Moderate
14.13,,,,,71,55.24438024,Moderate,Satisfactory
13.08,,,,,70,71.95792302,Moderate,Moderate
11.67,,,,,71,59.31376457,Moderate,Satisfactory
7.03,,,,,66,60.79354069,Moderate,FALSE
19.68,,,,,81,61.44094274,Moderate,Moderate
10.11,,,,,78,59.15521713,Moderate,Satisfactory
11.23,,,,,73,58.69278709,Moderate,Satisfactory
11.72,,,,,76,57.00161438,Moderate,Satisfactory
9.99,,,,,65,57.60937957,Moderate,Satisfactory
9.64,,,,,69,66.52767315,Moderate,Moderate
8.36,,,,,66,57.47725671,Moderate,Satisfactory
8.82,,,,,68,72.71102337,Moderate,Moderate
15.57,,,,,69,83.88861799,Moderate,Moderate
8.72,,,,,77,60.47644581,Moderate,FALSE
20.25,,,,,70,70.38566089,Moderate,Moderate
28.71,,,,,82,83.02981935,Moderate,Moderate
10.99,,,,,68,86.10828217,Moderate,Moderate
18.49,,,,,76,81.64252924,Moderate,Moderate
28.06,,,,,82,76.37082681,Moderate,Moderate
30.39,,,,,90,74.01903976,Moderate,Moderate
27.01,,,,,92,76.05373193,Poor,Moderate
23.02,,,,,102,79.25110533,Poor,Moderate
21.24,,,,,77,82.71272446,Moderate,Moderate
22.78,,,,,81,72.3807162,Moderate,Moderate
25.2,,,,,79,86.95386852,Moderate,Moderate
27.82,,,,,79,96.55920101,Moderate,Poor
20,,,,,77,90.86470541,Moderate,FALSE
31.03,,,,,79,70.86130322,Moderate,Moderate
38.3,,,,,112,93.71855936,Poor,Poor
33.99,,,,,105,70.83487865,Poor,Moderate
18.85,,,,,88,73.18666569,Moderate,Moderate
36.15,,,,,101,70.39887318,Poor,Moderate
18.83,,,,,95,70.43851004,Poor,Moderate
20.61,,,,,76,99.7697867,Moderate,Poor
18.5,,,,,99,73.06775511,Poor,Moderate
18.53,,,,,81,76.39725138,Moderate,Moderate
40.73,,,,,92,75.59130189,Poor,Moderate
20.52,,,,,128,86.14791903,Very Poor,Moderate
23.04,,,,,85,80.79694288,Moderate,Moderate
22.43,,,,,87,183.9584781,Moderate,Very Poor
30.42,,,,,80,73.38484999,Moderate,Moderate
26.37,,,,,106,72.60532507,Poor,Moderate
104.45,,,,,169,71.50870527,Very Poor,Moderate
20.76,,,,,112,77.79775378,Poor,Moderate
20.17,,,,,80,88.72431495,Moderate,Moderate
19.34,,,,,79,77.52029576,Moderate,Moderate
24.1,,,,,86,85.32875725,Moderate,Moderate
32.37,,,,,96,164.7610254,Poor,Very Poor
23.89,,,,,112,81.00833947,Poor,Moderate
29.8,,,,,109,77.07107801,Poor,Moderate
89.92,,,,,152,70.99342609,Very Poor,Moderate
26.53,,,,,140,84.04716543,Very Poor,Moderate
23.55,,,,,106,76.51616196,Poor,Moderate
18.95,,,,,109,77.33532374,Poor,Moderate
28.83,,,,,102,80.86300431,Poor,Moderate
23.13,,,,,108,80.21560226,Poor,Moderate
23.75,,,,,95,74.09831348,Poor,Moderate
26.42,,,,,95,77.85060293,Poor,Moderate
25.93,,,,,98,67.02974005,Poor,Moderate
21.3,,,,,104,159.396837,Poor,Very Poor
24.14,,,,,110,99.875485,Poor,Poor
15.95,,,,,92,108.2784994,Poor,Poor
